venta_id,fecha_venta,cliente_id,producto,categoria,cantidad,precio_unitario,total_venta,ciudad
1,2024-07-18,6909,Bicicleta,Deportes,1,538.46,538.46,Trujillo
2,2024-11-08,7853,Tablet,Electrónica,6,343.93,2063.58,Cusco
3,2024-05-30,2650,Zapatillas,Ropa,7,433.2,3032.4,Trujillo
4,2024-06-05,6184,Lego,Juguetes,7,919.23,6434.61,Lima
5,2024-08-05,5509,Cocina,Hogar,7,170.68,1194.76,Arequipa
6,2025-01-11,3267,Jeans,Ropa,5,977.96,4889.8,Arequipa
7,2024-07-01,7170,Pesas,Deportes,1,782.84,782.84,Arequipa
8,2025-03-10,2716,Laptop,Electrónica,2,361.58,723.16,Lima
9,2024-12-18,2299,Laptop,Electrónica,5,607.27,3036.35,Cusco
10,2024-04-25,4572,Bicicleta,Deportes,3,493.66,1480.98,Arequipa
11,2024-07-26,4224,Mesa,Hogar,6,148.09,888.54,Chiclayo
12,2024-04-25,5969,Peluche,Juguetes,4,565.61,2262.44,Piura
13,2025-03-02,1895,Silla,Hogar,7,215.57,1508.99,Arequipa
14,2025-01-14,2995,Muñeca,Juguetes,5,618.74,3093.7,Arequipa
15,2024-06-28,4244,Mesa,Hogar,3,245.5,736.5,Chiclayo
16,2024-09-17,6801,Mesa,Hogar,8,514.67,4117.36,Chiclayo
17,2024-12-08,9849,Jeans,Ropa,6,178.43,1070.58,Chiclayo
18,2024-09-20,3346,Tablet,Electrónica,1,548.01,548.01,Piura
19,2025-03-20,2888,Lego,Juguetes,8,91.81,734.48,Trujillo
20,2024-08-08,6186,Silla,Hogar,7,264.59,1852.13,Piura
21,2024-10-05,7563,Auto a control,Juguetes,8,111.01,888.08,Cusco
22,2024-07-16,5795,Zapatillas,Ropa,1,338.51,338.51,Lima
23,2025-02-17,1863,Silla,Hogar,3,561.99,1685.97,Lima
24,2025-04-14,9927,Rodilleras,Deportes,8,797.97,6383.76,Chiclayo
25,2024-09-18,1737,Smartphone,Electrónica,5,363.7,1818.5,Chiclayo
26,2024-04-26,4199,Cocina,Hogar,6,250.78,1504.68,Piura
27,2024-08-21,5580,Casaca,Ropa,7,717.63,5023.41,Piura
28,2024-07-19,6528,Auriculares,Electrónica,2,585.67,1171.34,Lima
29,2024-07-28,8817,Bicicleta,Deportes,7,336.36,2354.52,Cusco
30,2025-02-25,7332,Balón,Deportes,8,94.66,757.28,Chiclayo
31,2024-11-30,1780,Raqueta,Deportes,8,573.56,4588.48,Cusco
32,2024-05-26,2628,Silla,Hogar,3,683.8,2051.4,Trujillo
33,2024-06-27,1393,Polo,Ropa,3,271.22,813.66,Lima
34,2024-07-09,3125,Pesas,Deportes,7,59.76,418.32,Arequipa
35,2024-07-07,4667,Casaca,Ropa,6,676.46,4058.76,Cusco
36,2025-03-12,9356,Auriculares,Electrónica,2,633.35,1266.7,Lima
37,2024-04-24,1638,Smartphone,Electrónica,4,91.81,367.24,Arequipa
38,2024-12-24,5719,Zapatillas,Ropa,4,434.08,1736.32,Arequipa
39,2025-03-11,3149,Cocina,Hogar,6,103.53,621.18,Chiclayo
40,2025-03-11,1081,Silla,Hogar,2,433.88,867.76,Cusco
41,2024-08-21,6124,Smartphone,Electrónica,4,325.74,1302.96,Arequipa
42,2024-08-16,8338,Cocina,Hogar,6,950.75,5704.5,Lima
43,2024-05-26,7244,Mesa,Hogar,3,946.44,2839.32,Lima
44,2024-06-09,8615,Pesas,Deportes,5,522.29,2611.45,Chiclayo
45,2024-11-18,1335,Zapatillas,Ropa,2,661.23,1322.46,Cusco
46,2025-01-31,5171,Monitor,Electrónica,7,59.46,416.22,Arequipa
47,2025-04-13,8305,Jeans,Ropa,4,390.53,1562.12,Lima
48,2025-04-18,1490,Polo,Ropa,2,613.24,1226.48,Arequipa
49,2024-08-04,7912,Rodilleras,Deportes,3,517.89,1553.67,Lima
50,2024-12-11,8311,Silla,Hogar,6,549.31,3295.86,Cusco
51,2024-08-24,4946,Jeans,Ropa,4,312.25,1249.0,Arequipa
52,2024-11-20,5058,Monitor,Electrónica,1,909.82,909.82,Chiclayo
53,2025-03-02,7397,Auriculares,Electrónica,4,639.81,2559.24,Lima
54,2024-10-15,4804,Pesas,Deportes,8,58.58,468.64,Lima
55,2024-12-22,9100,Auriculares,Electrónica,6,930.38,5582.28,Trujillo
56,2024-10-20,7912,Cocina,Hogar,2,303.47,606.94,Chiclayo
57,2025-03-31,9807,Jeans,Ropa,1,805.09,805.09,Cusco
58,2024-07-19,5820,Lego,Juguetes,7,133.48,934.36,Lima
59,2024-10-01,7875,Tablet,Electrónica,8,696.65,5573.2,Piura
60,2024-11-06,7466,Tablet,Electrónica,5,878.94,4394.7,Arequipa
61,2024-05-24,9941,Smartphone,Electrónica,1,625.3,625.3,Arequipa
62,2025-03-17,2473,Chompa,Ropa,6,200.02,1200.12,Piura
63,2024-09-03,7402,Silla,Hogar,6,360.14,2160.84,Cusco
64,2024-07-10,7622,Pesas,Deportes,3,886.04,2658.12,Arequipa
65,2024-09-08,9418,Chompa,Ropa,3,665.77,1997.31,Chiclayo
66,2024-06-16,2491,Peluche,Juguetes,3,481.36,1444.08,Cusco
67,2024-08-07,3397,Polo,Ropa,8,683.49,5467.92,Chiclayo
68,2024-10-08,2587,Pesas,Deportes,1,110.89,110.89,Arequipa
69,2025-02-02,8118,Ventilador,Hogar,5,196.35,981.75,Arequipa
70,2025-04-17,6376,Balón,Deportes,8,961.34,7690.72,Cusco
71,2024-10-31,5314,Ventilador,Hogar,5,323.61,1618.05,Chiclayo
72,2024-12-15,2619,Laptop,Electrónica,8,346.52,2772.16,Cusco
73,2024-12-29,7659,Mesa,Hogar,7,86.24,603.68,Chiclayo
74,2025-01-08,2165,Mesa,Hogar,4,352.75,1411.0,Lima
75,2025-02-06,2970,Rompecabezas,Juguetes,7,516.11,3612.77,Arequipa
76,2024-06-21,7298,Balón,Deportes,5,365.68,1828.4,Trujillo
77,2024-07-31,1139,Zapatillas,Ropa,7,659.95,4619.65,Piura
78,2025-04-10,1513,Smartphone,Electrónica,1,820.17,820.17,Trujillo
79,2025-04-02,9728,Laptop,Electrónica,3,270.4,811.2,Chiclayo
80,2024-08-23,5433,Laptop,Electrónica,3,230.43,691.29,Arequipa
81,2025-01-11,1822,Monitor,Electrónica,7,742.6,5198.2,Cusco
82,2024-09-05,5270,Mesa,Hogar,6,205.46,1232.76,Cusco
83,2024-09-04,6333,Cocina,Hogar,8,359.2,2873.6,Chiclayo
84,2024-06-08,4669,Refrigeradora,Hogar,6,932.65,5595.9,Cusco
85,2024-12-17,6491,Jeans,Ropa,5,875.13,4375.65,Trujillo
86,2025-01-23,9816,Rompecabezas,Juguetes,4,766.78,3067.12,Arequipa
87,2025-03-02,7913,Lego,Juguetes,1,319.21,319.21,Cusco
88,2024-12-30,4555,Raqueta,Deportes,1,472.75,472.75,Trujillo
89,2024-12-02,8294,Peluche,Juguetes,2,641.31,1282.62,Chiclayo
90,2024-04-29,5038,Smartphone,Electrónica,2,934.8,1869.6,Piura
91,2024-11-02,8116,Chompa,Ropa,3,831.97,2495.91,Arequipa
92,2025-02-19,3340,Raqueta,Deportes,8,781.86,6254.88,Lima
93,2024-10-03,8772,Mesa,Hogar,7,864.54,6051.78,Arequipa
94,2024-08-09,8418,Balón,Deportes,6,76.08,456.48,Chiclayo
95,2024-05-26,6875,Laptop,Electrónica,4,440.29,1761.16,Trujillo
96,2024-11-22,6090,Rodilleras,Deportes,2,826.4,1652.8,Chiclayo
97,2024-11-18,4023,Auriculares,Electrónica,8,913.12,7304.96,Cusco
98,2024-10-15,5422,Zapatillas,Ropa,7,387.3,2711.1,Chiclayo
99,2024-07-19,5421,Muñeca,Juguetes,7,808.49,5659.43,Lima
100,2025-04-11,1492,Jeans,Ropa,5,95.81,479.05,Lima
101,2024-09-06,8939,Auto a control,Juguetes,1,265.28,265.28,Cusco
102,2024-08-30,7080,Laptop,Electrónica,6,885.52,5313.12,Arequipa
103,2025-01-03,2656,Lego,Juguetes,2,506.42,1012.84,Piura
104,2024-11-07,3967,Tablet,Electrónica,5,737.55,3687.75,Lima
105,2025-03-22,6778,Jeans,Ropa,8,148.11,1184.88,Chiclayo
106,2024-10-22,7871,Chompa,Ropa,3,226.15,678.45,Piura
107,2024-07-01,3615,Polo,Ropa,1,141.16,141.16,Arequipa
108,2024-11-05,8924,Raqueta,Deportes,3,977.89,2933.67,Arequipa
109,2025-02-23,3163,Auriculares,Electrónica,2,756.13,1512.26,Lima
110,2024-09-19,2732,Pesas,Deportes,1,123.45,123.45,Chiclayo
111,2024-11-24,7559,Balón,Deportes,6,708.1,4248.6,Arequipa
112,2025-03-01,1633,Peluche,Juguetes,2,821.18,1642.36,Lima
113,2024-11-01,4956,Auriculares,Electrónica,7,975.55,6828.85,Cusco
114,2024-06-23,5791,Refrigeradora,Hogar,8,680.98,5447.84,Piura
115,2025-02-12,7952,Silla,Hogar,4,280.36,1121.44,Cusco
116,2024-04-24,5908,Tablet,Electrónica,8,254.67,2037.36,Lima
117,2025-04-11,6039,Peluche,Juguetes,6,53.3,319.8,Chiclayo
118,2024-06-14,2616,Casaca,Ropa,5,444.93,2224.65,Cusco
119,2025-02-01,8310,Rompecabezas,Juguetes,4,585.7,2342.8,Piura
120,2024-09-07,4808,Ventilador,Hogar,6,690.31,4141.86,Piura
121,2024-10-29,8806,Refrigeradora,Hogar,8,159.02,1272.16,Arequipa
122,2025-04-19,3850,Laptop,Electrónica,3,539.61,1618.83,Trujillo
123,2025-01-29,9429,Silla,Hogar,8,406.88,3255.04,Cusco
124,2024-08-06,6731,Refrigeradora,Hogar,1,732.9,732.9,Lima
125,2024-09-20,3238,Silla,Hogar,8,430.42,3443.36,Arequipa
126,2024-12-07,9865,Jeans,Ropa,7,606.73,4247.11,Arequipa
127,2025-01-01,2304,Monitor,Electrónica,8,639.4,5115.2,Lima
128,2024-08-11,5114,Polo,Ropa,5,995.52,4977.6,Arequipa
129,2024-04-26,1819,Monitor,Electrónica,2,755.44,1510.88,Piura
130,2025-01-17,4859,Pesas,Deportes,4,441.93,1767.72,Piura
131,2025-03-01,2267,Casaca,Ropa,6,139.12,834.72,Cusco
132,2024-11-01,7351,Laptop,Electrónica,5,442.27,2211.35,Trujillo
133,2024-11-28,7214,Jeans,Ropa,1,879.0,879.0,Chiclayo
134,2024-11-06,8185,Raqueta,Deportes,5,920.93,4604.65,Lima
135,2024-08-01,6272,Pesas,Deportes,1,233.25,233.25,Trujillo
136,2024-05-14,4416,Mesa,Hogar,1,867.28,867.28,Arequipa
137,2024-05-17,1505,Bicicleta,Deportes,7,462.66,3238.62,Chiclayo
138,2025-02-16,9471,Rompecabezas,Juguetes,5,172.15,860.75,Lima
139,2024-09-05,9763,Polo,Ropa,2,202.01,404.02,Trujillo
140,2024-05-17,6093,Chompa,Ropa,6,901.31,5407.86,Cusco
141,2025-03-18,1859,Auto a control,Juguetes,2,579.64,1159.28,Trujillo
142,2025-01-02,3023,Muñeca,Juguetes,6,130.13,780.78,Arequipa
143,2024-05-08,4506,Ventilador,Hogar,2,101.83,203.66,Chiclayo
144,2024-10-31,6561,Muñeca,Juguetes,7,253.25,1772.75,Arequipa
145,2024-07-03,9045,Smartphone,Electrónica,3,704.89,2114.67,Chiclayo
146,2024-06-03,9513,Zapatillas,Ropa,7,57.57,402.99,Arequipa
147,2024-05-23,6917,Pesas,Deportes,8,584.64,4677.12,Trujillo
148,2024-07-01,8260,Bicicleta,Deportes,2,373.94,747.88,Arequipa
149,2024-11-09,3948,Tablet,Electrónica,5,679.87,3399.35,Arequipa
150,2024-11-04,3706,Jeans,Ropa,1,561.61,561.61,Chiclayo
151,2024-11-03,5657,Casaca,Ropa,5,901.12,4505.6,Arequipa
152,2024-05-27,7986,Muñeca,Juguetes,3,261.68,785.04,Lima
153,2024-05-25,4782,Tablet,Electrónica,1,688.03,688.03,Lima
154,2024-12-11,4632,Jeans,Ropa,4,714.59,2858.36,Cusco
155,2025-02-03,9878,Lego,Juguetes,2,744.48,1488.96,Lima
156,2025-04-20,6399,Jeans,Ropa,8,643.1,5144.8,Trujillo
157,2025-03-14,3440,Tablet,Electrónica,8,437.7,3501.6,Arequipa
158,2024-10-21,2889,Peluche,Juguetes,2,948.43,1896.86,Piura
159,2024-10-06,1113,Casaca,Ropa,4,584.68,2338.72,Piura
160,2024-08-23,2585,Mesa,Hogar,6,466.25,2797.5,Chiclayo
161,2024-07-02,5377,Laptop,Electrónica,3,279.11,837.33,Cusco
162,2024-06-19,5359,Rompecabezas,Juguetes,2,226.78,453.56,Piura
163,2025-02-16,9839,Zapatillas,Ropa,6,378.94,2273.64,Trujillo
164,2024-11-19,1598,Polo,Ropa,6,935.81,5614.86,Trujillo
165,2024-07-30,5563,Jeans,Ropa,5,792.87,3964.35,Arequipa
166,2024-04-22,5859,Chompa,Ropa,7,381.12,2667.84,Lima
167,2024-09-15,8369,Casaca,Ropa,3,990.57,2971.71,Chiclayo
168,2025-02-19,1115,Mesa,Hogar,5,232.93,1164.65,Chiclayo
169,2024-05-04,6229,Balón,Deportes,7,176.27,1233.89,Cusco
170,2024-11-28,8534,Auriculares,Electrónica,8,708.68,5669.44,Arequipa
171,2024-05-30,2443,Raqueta,Deportes,6,101.85,611.1,Piura
172,2024-09-15,3111,Balón,Deportes,7,975.46,6828.22,Cusco
173,2024-10-19,2800,Laptop,Electrónica,5,251.86,1259.3,Cusco
174,2024-12-15,8342,Auto a control,Juguetes,4,370.95,1483.8,Trujillo
175,2025-04-05,1092,Laptop,Electrónica,1,580.95,580.95,Chiclayo
176,2024-05-14,9279,Rodilleras,Deportes,1,398.76,398.76,Lima
177,2024-06-17,9503,Peluche,Juguetes,5,289.12,1445.6,Cusco
178,2024-10-01,4201,Zapatillas,Ropa,5,946.67,4733.35,Lima
179,2025-04-19,3577,Jeans,Ropa,4,603.28,2413.12,Piura
180,2025-01-24,6606,Jeans,Ropa,5,126.57,632.85,Chiclayo
181,2025-04-17,2049,Raqueta,Deportes,7,950.12,6650.84,Piura
182,2024-05-18,1721,Mesa,Hogar,7,146.45,1025.15,Piura
183,2025-01-16,6291,Rodilleras,Deportes,2,454.02,908.04,Piura
184,2024-12-10,7810,Pesas,Deportes,8,129.32,1034.56,Piura
185,2024-09-02,7973,Cocina,Hogar,1,85.19,85.19,Cusco
186,2024-08-17,9726,Chompa,Ropa,6,444.26,2665.56,Arequipa
187,2025-03-19,2198,Smartphone,Electrónica,3,919.4,2758.2,Piura
188,2025-01-30,3781,Auto a control,Juguetes,3,87.48,262.44,Cusco
189,2024-10-18,3826,Peluche,Juguetes,3,554.29,1662.87,Trujillo
190,2024-07-26,1820,Refrigeradora,Hogar,4,203.57,814.28,Arequipa
191,2025-03-28,2173,Rompecabezas,Juguetes,3,53.9,161.7,Cusco
192,2024-11-22,9530,Muñeca,Juguetes,1,623.3,623.3,Trujillo
193,2024-08-26,2250,Ventilador,Hogar,1,746.17,746.17,Trujillo
194,2024-12-08,8370,Laptop,Electrónica,6,480.2,2881.2,Lima
195,2024-07-06,5143,Lego,Juguetes,4,200.42,801.68,Chiclayo
196,2025-04-15,5337,Chompa,Ropa,6,524.51,3147.06,Piura
197,2024-05-06,3288,Casaca,Ropa,4,737.72,2950.88,Chiclayo
198,2024-10-31,7767,Pesas,Deportes,6,942.95,5657.7,Trujillo
199,2024-07-03,1637,Auriculares,Electrónica,4,532.92,2131.68,Lima
200,2025-04-03,4678,Silla,Hogar,8,863.53,6908.24,Trujillo
201,2024-08-24,9290,Monitor,Electrónica,7,237.39,1661.73,Arequipa
202,2024-07-18,1977,Lego,Juguetes,1,724.96,724.96,Arequipa
203,2024-07-27,6386,Lego,Juguetes,5,271.73,1358.65,Arequipa
204,2024-09-20,1695,Raqueta,Deportes,5,248.88,1244.4,Chiclayo
205,2025-01-30,8261,Chompa,Ropa,2,999.12,1998.24,Trujillo
206,2024-06-26,1320,Rodilleras,Deportes,7,396.75,2777.25,Arequipa
207,2024-05-28,2214,Bicicleta,Deportes,2,391.9,783.8,Chiclayo
208,2024-07-22,5574,Refrigeradora,Hogar,1,581.2,581.2,Trujillo
209,2024-06-20,7134,Zapatillas,Ropa,3,902.64,2707.92,Piura
210,2024-06-19,4006,Auto a control,Juguetes,4,348.71,1394.84,Trujillo
211,2024-11-18,8365,Muñeca,Juguetes,7,766.56,5365.92,Lima
212,2024-10-25,4096,Jeans,Ropa,3,714.42,2143.26,Arequipa
213,2025-01-04,3883,Silla,Hogar,5,958.16,4790.8,Piura
214,2024-07-19,8973,Rodilleras,Deportes,1,968.33,968.33,Arequipa
215,2024-09-15,2147,Refrigeradora,Hogar,3,125.81,377.43,Chiclayo
216,2024-08-19,3563,Casaca,Ropa,6,505.81,3034.86,Lima
217,2024-11-01,2489,Balón,Deportes,3,147.54,442.62,Piura
218,2024-06-11,2204,Laptop,Electrónica,7,915.28,6406.96,Lima
219,2024-08-17,2141,Raqueta,Deportes,1,399.78,399.78,Trujillo
220,2025-01-18,6852,Peluche,Juguetes,2,837.78,1675.56,Chiclayo
221,2024-09-14,1584,Mesa,Hogar,3,98.25,294.75,Lima
222,2024-09-06,2022,Tablet,Electrónica,5,237.23,1186.15,Cusco
223,2024-04-27,6073,Bicicleta,Deportes,8,408.33,3266.64,Arequipa
224,2024-11-25,7509,Auto a control,Juguetes,5,670.94,3354.7,Piura
225,2024-05-19,5129,Smartphone,Electrónica,2,102.66,205.32,Arequipa
226,2024-07-01,6584,Rompecabezas,Juguetes,5,734.75,3673.75,Chiclayo
227,2024-12-09,5931,Pesas,Deportes,3,391.67,1175.01,Chiclayo
228,2024-07-21,2513,Laptop,Electrónica,6,591.62,3549.72,Lima
229,2024-10-31,4971,Casaca,Ropa,4,414.04,1656.16,Chiclayo
230,2024-07-16,6629,Refrigeradora,Hogar,1,776.57,776.57,Arequipa
231,2024-10-24,3193,Silla,Hogar,4,122.06,488.24,Arequipa
232,2024-08-27,3833,Refrigeradora,Hogar,6,73.38,440.28,Trujillo
233,2024-12-22,5256,Smartphone,Electrónica,4,364.53,1458.12,Trujillo
234,2024-11-05,8524,Rompecabezas,Juguetes,7,968.97,6782.79,Lima
235,2024-05-19,2320,Auto a control,Juguetes,1,252.58,252.58,Cusco
236,2025-04-13,7104,Smartphone,Electrónica,5,850.37,4251.85,Lima
237,2025-03-30,3521,Balón,Deportes,2,347.6,695.2,Piura
238,2024-12-30,5568,Raqueta,Deportes,4,410.65,1642.6,Arequipa
239,2024-06-23,2737,Zapatillas,Ropa,6,765.04,4590.24,Piura
240,2024-06-09,9447,Jeans,Ropa,8,229.03,1832.24,Lima
241,2024-11-23,5725,Casaca,Ropa,7,252.09,1764.63,Lima
242,2024-10-11,9935,Auto a control,Juguetes,5,52.11,260.55,Cusco
243,2024-05-26,8359,Laptop,Electrónica,2,430.69,861.38,Cusco
244,2024-06-12,6016,Peluche,Juguetes,4,333.87,1335.48,Cusco
245,2024-05-07,1070,Smartphone,Electrónica,5,458.71,2293.55,Chiclayo
246,2025-01-02,8193,Bicicleta,Deportes,5,223.43,1117.15,Cusco
247,2025-02-21,9703,Balón,Deportes,3,368.52,1105.56,Arequipa
248,2025-02-14,8797,Monitor,Electrónica,3,809.79,2429.37,Piura
249,2025-04-10,7908,Zapatillas,Ropa,1,793.78,793.78,Cusco
250,2025-03-19,2998,Zapatillas,Ropa,3,653.49,1960.47,Arequipa
251,2024-11-01,7077,Zapatillas,Ropa,7,491.46,3440.22,Cusco
252,2024-11-28,5626,Casaca,Ropa,3,279.63,838.89,Piura
253,2025-02-09,3089,Rompecabezas,Juguetes,1,899.18,899.18,Trujillo
254,2024-11-27,7173,Cocina,Hogar,8,814.82,6518.56,Trujillo
255,2024-05-18,5079,Pesas,Deportes,5,554.11,2770.55,Cusco
256,2024-05-13,1717,Auriculares,Electrónica,8,204.78,1638.24,Lima
257,2024-06-26,1627,Chompa,Ropa,7,399.87,2799.09,Chiclayo
258,2024-10-02,9558,Tablet,Electrónica,1,383.77,383.77,Cusco
259,2024-08-03,6125,Bicicleta,Deportes,5,172.69,863.45,Cusco
260,2024-09-12,6527,Silla,Hogar,2,202.05,404.1,Arequipa
261,2025-01-11,9816,Balón,Deportes,8,406.95,3255.6,Trujillo
262,2025-03-28,1947,Polo,Ropa,8,98.01,784.08,Piura
263,2024-05-18,2238,Refrigeradora,Hogar,1,737.37,737.37,Arequipa
264,2024-10-19,8692,Raqueta,Deportes,7,611.86,4283.02,Lima
265,2024-12-18,2008,Zapatillas,Ropa,8,214.22,1713.76,Piura
266,2024-12-31,1958,Auto a control,Juguetes,6,520.43,3122.58,Piura
267,2024-06-24,3803,Refrigeradora,Hogar,3,622.26,1866.78,Cusco
268,2024-07-10,9159,Laptop,Electrónica,5,50.53,252.65,Chiclayo
269,2025-03-30,3342,Polo,Ropa,4,264.34,1057.36,Trujillo
270,2024-09-03,8735,Chompa,Ropa,7,198.8,1391.6,Arequipa
271,2024-10-22,9646,Ventilador,Hogar,2,864.42,1728.84,Lima
272,2024-10-05,2779,Jeans,Ropa,4,763.69,3054.76,Chiclayo
273,2024-08-31,4698,Zapatillas,Ropa,4,923.1,3692.4,Arequipa
274,2025-04-12,2135,Muñeca,Juguetes,7,569.1,3983.7,Arequipa
275,2025-03-25,3479,Raqueta,Deportes,3,492.6,1477.8,Cusco
276,2025-03-02,2724,Silla,Hogar,6,77.32,463.92,Lima
277,2024-12-16,2639,Balón,Deportes,5,699.11,3495.55,Chiclayo
278,2025-03-11,1593,Cocina,Hogar,2,400.75,801.5,Chiclayo
279,2024-10-23,5700,Auto a control,Juguetes,1,87.0,87.0,Arequipa
280,2024-11-30,7015,Raqueta,Deportes,8,865.9,6927.2,Piura
281,2025-01-13,5642,Polo,Ropa,2,976.28,1952.56,Chiclayo
282,2024-07-06,9896,Refrigeradora,Hogar,8,508.62,4068.96,Piura
283,2025-04-21,8250,Jeans,Ropa,4,800.1,3200.4,Lima
284,2024-07-08,5384,Pesas,Deportes,3,610.96,1832.88,Trujillo
285,2024-09-14,3469,Rompecabezas,Juguetes,2,847.62,1695.24,Chiclayo
286,2025-03-03,7445,Smartphone,Electrónica,7,755.31,5287.17,Trujillo
287,2024-11-28,1428,Auriculares,Electrónica,7,667.25,4670.75,Trujillo
288,2025-02-12,3789,Laptop,Electrónica,2,748.65,1497.3,Arequipa
289,2024-06-20,6847,Raqueta,Deportes,6,619.18,3715.08,Piura
290,2024-07-19,7430,Zapatillas,Ropa,8,258.66,2069.28,Cusco
291,2024-07-19,9767,Cocina,Hogar,2,124.28,248.56,Lima
292,2024-06-10,4228,Bicicleta,Deportes,8,300.17,2401.36,Piura
293,2025-04-14,9340,Refrigeradora,Hogar,5,113.59,567.95,Arequipa
294,2025-01-03,9834,Smartphone,Electrónica,3,404.18,1212.54,Lima
295,2024-08-24,2689,Peluche,Juguetes,8,992.1,7936.8,Chiclayo
296,2025-01-11,5944,Rodilleras,Deportes,8,749.09,5992.72,Cusco
297,2024-09-11,9094,Cocina,Hogar,5,434.19,2170.95,Piura
298,2025-02-25,6134,Chompa,Ropa,5,760.68,3803.4,Trujillo
299,2024-07-11,5094,Mesa,Hogar,7,755.15,5286.05,Trujillo
300,2024-11-23,3632,Casaca,Ropa,1,981.81,981.81,Lima
301,2024-11-06,3957,Laptop,Electrónica,1,933.09,933.09,Lima
302,2024-12-19,4379,Auriculares,Electrónica,5,512.36,2561.8,Trujillo
303,2024-06-16,8553,Rompecabezas,Juguetes,2,160.86,321.72,Piura
304,2025-02-14,4280,Rompecabezas,Juguetes,5,396.8,1984.0,Chiclayo
305,2024-12-18,3449,Ventilador,Hogar,6,711.43,4268.58,Arequipa
306,2025-01-22,8069,Auto a control,Juguetes,7,575.92,4031.44,Trujillo
307,2024-07-27,2661,Ventilador,Hogar,1,124.83,124.83,Chiclayo
308,2024-07-12,8251,Chompa,Ropa,3,684.13,2052.39,Cusco
309,2024-10-06,5898,Tablet,Electrónica,5,860.26,4301.3,Arequipa
310,2025-03-31,3882,Cocina,Hogar,4,575.59,2302.36,Piura
311,2025-03-22,1218,Pesas,Deportes,7,602.33,4216.31,Piura
312,2024-10-16,6020,Chompa,Ropa,8,92.35,738.8,Trujillo
313,2024-04-21,9505,Laptop,Electrónica,2,583.58,1167.16,Lima
314,2024-07-24,6579,Raqueta,Deportes,5,600.15,3000.75,Arequipa
315,2025-01-17,5038,Bicicleta,Deportes,7,76.22,533.54,Trujillo
316,2024-12-01,8211,Zapatillas,Ropa,2,932.94,1865.88,Arequipa
317,2024-11-16,3821,Ventilador,Hogar,6,63.76,382.56,Piura
318,2024-09-12,6067,Raqueta,Deportes,1,784.95,784.95,Piura
319,2024-06-24,4019,Refrigeradora,Hogar,3,97.05,291.15,Trujillo
320,2024-08-01,4013,Lego,Juguetes,4,346.08,1384.32,Cusco
321,2024-10-04,2077,Auriculares,Electrónica,6,403.95,2423.7,Cusco
322,2024-12-17,1643,Tablet,Electrónica,7,911.99,6383.93,Chiclayo
323,2024-07-02,3710,Bicicleta,Deportes,5,188.69,943.45,Piura
324,2025-01-12,7868,Polo,Ropa,8,142.81,1142.48,Chiclayo
325,2024-05-29,6631,Bicicleta,Deportes,5,423.87,2119.35,Arequipa
326,2024-05-23,8408,Raqueta,Deportes,4,434.71,1738.84,Lima
327,2024-07-11,3123,Mesa,Hogar,4,322.25,1289.0,Cusco
328,2025-02-09,7078,Silla,Hogar,3,576.61,1729.83,Chiclayo
329,2024-12-24,3678,Laptop,Electrónica,3,476.17,1428.51,Trujillo
330,2024-06-05,6219,Polo,Ropa,5,630.6,3153.0,Trujillo
331,2024-06-03,6666,Auriculares,Electrónica,7,114.63,802.41,Trujillo
332,2024-05-12,5635,Laptop,Electrónica,7,172.11,1204.77,Arequipa
333,2025-02-14,3943,Balón,Deportes,8,991.8,7934.4,Arequipa
334,2024-08-31,8589,Balón,Deportes,6,749.29,4495.74,Arequipa
335,2024-11-03,6075,Chompa,Ropa,2,668.59,1337.18,Piura
336,2024-11-09,3906,Polo,Ropa,6,111.53,669.18,Chiclayo
337,2024-10-24,2327,Jeans,Ropa,1,870.93,870.93,Trujillo
338,2024-12-24,2247,Smartphone,Electrónica,4,272.71,1090.84,Lima
339,2024-11-25,6218,Chompa,Ropa,7,600.97,4206.79,Cusco
340,2024-09-19,4177,Muñeca,Juguetes,8,79.48,635.84,Arequipa
341,2025-04-10,3392,Zapatillas,Ropa,5,496.38,2481.9,Lima
342,2024-10-20,9199,Polo,Ropa,3,444.71,1334.13,Lima
343,2024-05-01,7275,Cocina,Hogar,5,765.29,3826.45,Arequipa
344,2025-02-16,3001,Raqueta,Deportes,6,929.82,5578.92,Trujillo
345,2025-02-13,2228,Auto a control,Juguetes,5,481.7,2408.5,Piura
346,2024-06-25,4493,Polo,Ropa,5,803.45,4017.25,Piura
347,2024-05-25,8116,Auto a control,Juguetes,8,923.47,7387.76,Lima
348,2024-12-26,9467,Zapatillas,Ropa,1,469.12,469.12,Lima
349,2024-12-21,8825,Cocina,Hogar,5,436.3,2181.5,Trujillo
350,2024-12-17,4553,Bicicleta,Deportes,1,556.11,556.11,Lima
351,2025-02-19,4665,Peluche,Juguetes,6,471.29,2827.74,Lima
352,2025-01-17,4671,Tablet,Electrónica,3,62.98,188.94,Piura
353,2024-07-18,6386,Polo,Ropa,3,683.63,2050.89,Lima
354,2024-11-26,4450,Chompa,Ropa,5,368.45,1842.25,Lima
355,2024-08-14,1398,Cocina,Hogar,4,354.07,1416.28,Arequipa
356,2024-12-04,5591,Muñeca,Juguetes,3,240.56,721.68,Piura
357,2024-11-01,9442,Rompecabezas,Juguetes,2,363.09,726.18,Chiclayo
358,2024-09-06,9395,Smartphone,Electrónica,6,726.19,4357.14,Cusco
359,2024-10-15,5890,Balón,Deportes,2,979.44,1958.88,Piura
360,2024-12-11,2697,Cocina,Hogar,5,585.42,2927.1,Lima
361,2024-10-08,3485,Cocina,Hogar,1,553.56,553.56,Lima
362,2025-02-18,3492,Casaca,Ropa,2,128.77,257.54,Lima
363,2025-03-09,1880,Monitor,Electrónica,1,924.54,924.54,Chiclayo
364,2025-01-18,9751,Chompa,Ropa,8,445.31,3562.48,Cusco
365,2025-04-10,3072,Lego,Juguetes,7,187.02,1309.14,Cusco
366,2025-01-19,4597,Lego,Juguetes,5,265.02,1325.1,Chiclayo
367,2024-05-07,4295,Ventilador,Hogar,5,555.77,2778.85,Trujillo
368,2024-12-30,3140,Refrigeradora,Hogar,7,668.05,4676.35,Chiclayo
369,2024-09-22,1696,Auto a control,Juguetes,1,877.92,877.92,Chiclayo
370,2025-02-01,3426,Pesas,Deportes,8,934.98,7479.84,Trujillo
371,2024-12-27,1401,Bicicleta,Deportes,3,67.45,202.35,Chiclayo
372,2024-07-22,4085,Casaca,Ropa,3,389.33,1167.99,Piura
373,2025-03-31,6453,Lego,Juguetes,6,187.89,1127.34,Chiclayo
374,2024-09-19,7307,Balón,Deportes,4,231.35,925.4,Cusco
375,2025-01-16,1684,Polo,Ropa,2,729.75,1459.5,Chiclayo
376,2024-08-22,9234,Monitor,Electrónica,5,233.32,1166.6,Lima
377,2024-11-26,4461,Raqueta,Deportes,4,861.42,3445.68,Cusco
378,2024-08-10,9145,Peluche,Juguetes,3,374.7,1124.1,Cusco
379,2024-06-12,7370,Monitor,Electrónica,5,276.02,1380.1,Chiclayo
380,2025-01-08,3837,Pesas,Deportes,2,732.76,1465.52,Lima
381,2024-07-03,4745,Chompa,Ropa,2,190.14,380.28,Trujillo
382,2025-04-04,2809,Bicicleta,Deportes,4,488.16,1952.64,Piura
383,2024-10-01,9512,Lego,Juguetes,5,155.06,775.3,Trujillo
384,2024-11-21,6733,Mesa,Hogar,8,379.34,3034.72,Piura
385,2024-05-27,7823,Tablet,Electrónica,6,803.48,4820.88,Chiclayo
386,2024-05-01,8145,Rodilleras,Deportes,8,660.21,5281.68,Chiclayo
387,2025-01-24,6283,Lego,Juguetes,5,339.56,1697.8,Arequipa
388,2025-03-12,9991,Pesas,Deportes,6,909.12,5454.72,Trujillo
389,2024-08-15,4571,Rompecabezas,Juguetes,6,854.98,5129.88,Chiclayo
390,2024-11-01,2814,Jeans,Ropa,6,353.1,2118.6,Lima
391,2024-04-22,9649,Monitor,Electrónica,6,628.42,3770.52,Cusco
392,2024-09-14,2658,Refrigeradora,Hogar,6,919.8,5518.8,Cusco
393,2024-12-20,8317,Refrigeradora,Hogar,5,193.94,969.7,Piura
394,2024-11-04,2200,Tablet,Electrónica,3,960.24,2880.72,Trujillo
395,2024-11-24,5378,Mesa,Hogar,5,529.55,2647.75,Chiclayo
396,2024-07-28,4954,Bicicleta,Deportes,8,938.8,7510.4,Cusco
397,2025-03-05,3192,Laptop,Electrónica,6,538.49,3230.94,Lima
398,2024-05-08,7138,Zapatillas,Ropa,2,499.15,998.3,Arequipa
399,2025-01-05,6232,Silla,Hogar,4,705.75,2823.0,Piura
400,2024-05-05,6270,Laptop,Electrónica,1,981.46,981.46,Lima
401,2025-04-18,4439,Balón,Deportes,5,900.59,4502.95,Chiclayo
402,2024-11-22,3834,Jeans,Ropa,7,599.76,4198.32,Piura
403,2025-01-25,5907,Rodilleras,Deportes,8,943.84,7550.72,Lima
404,2024-12-08,6980,Casaca,Ropa,5,198.33,991.65,Arequipa
405,2024-05-12,4904,Balón,Deportes,7,593.33,4153.31,Cusco
406,2025-03-13,2443,Peluche,Juguetes,5,388.93,1944.65,Arequipa
407,2024-05-02,8129,Silla,Hogar,4,271.48,1085.92,Piura
408,2024-07-18,6671,Laptop,Electrónica,8,630.78,5046.24,Piura
409,2024-05-18,5476,Cocina,Hogar,8,824.54,6596.32,Chiclayo
410,2024-04-24,8139,Balón,Deportes,8,157.18,1257.44,Chiclayo
411,2024-11-16,3711,Lego,Juguetes,3,422.07,1266.21,Arequipa
412,2024-06-21,8069,Laptop,Electrónica,7,529.53,3706.71,Chiclayo
413,2024-10-15,6430,Casaca,Ropa,2,856.53,1713.06,Lima
414,2025-01-17,2696,Lego,Juguetes,3,263.82,791.46,Cusco
415,2024-08-12,1038,Casaca,Ropa,2,935.26,1870.52,Lima
416,2024-10-14,6031,Bicicleta,Deportes,8,887.7,7101.6,Piura
417,2025-04-05,9985,Silla,Hogar,5,740.88,3704.4,Cusco
418,2024-06-24,7201,Chompa,Ropa,5,250.98,1254.9,Arequipa
419,2024-08-23,8746,Zapatillas,Ropa,7,122.21,855.47,Piura
420,2024-06-29,7215,Casaca,Ropa,3,916.33,2748.99,Trujillo
421,2025-02-01,2380,Tablet,Electrónica,8,812.58,6500.64,Piura
422,2024-08-31,2330,Balón,Deportes,8,921.52,7372.16,Lima
423,2024-06-15,9490,Tablet,Electrónica,6,215.21,1291.26,Piura
424,2024-04-21,5263,Bicicleta,Deportes,5,808.67,4043.35,Chiclayo
425,2024-10-16,9326,Polo,Ropa,5,174.94,874.7,Trujillo
426,2025-03-19,9164,Zapatillas,Ropa,2,165.38,330.76,Cusco
427,2024-07-22,9123,Chompa,Ropa,3,794.89,2384.67,Cusco
428,2024-10-27,4036,Monitor,Electrónica,1,225.6,225.6,Trujillo
429,2025-02-15,5522,Smartphone,Electrónica,8,219.07,1752.56,Lima
430,2025-03-15,5236,Peluche,Juguetes,2,463.24,926.48,Piura
431,2025-02-02,3782,Pesas,Deportes,7,428.65,3000.55,Piura
432,2025-03-31,1462,Peluche,Juguetes,6,423.99,2543.94,Arequipa
433,2025-03-19,5431,Tablet,Electrónica,8,204.08,1632.64,Arequipa
434,2024-11-28,5557,Bicicleta,Deportes,4,767.08,3068.32,Arequipa
435,2025-01-23,9061,Rompecabezas,Juguetes,8,749.95,5999.6,Arequipa
436,2025-04-11,7419,Monitor,Electrónica,2,960.28,1920.56,Cusco
437,2024-12-11,6806,Polo,Ropa,3,988.79,2966.37,Lima
438,2024-05-15,1953,Lego,Juguetes,6,717.79,4306.74,Arequipa
439,2024-09-30,2154,Cocina,Hogar,6,751.84,4511.04,Trujillo
440,2025-03-10,1271,Refrigeradora,Hogar,4,692.02,2768.08,Arequipa
441,2025-04-14,5429,Muñeca,Juguetes,3,468.65,1405.95,Piura
442,2025-01-30,2689,Polo,Ropa,7,368.95,2582.65,Arequipa
443,2024-12-13,6171,Balón,Deportes,3,589.65,1768.95,Lima
444,2024-09-05,5174,Monitor,Electrónica,5,310.77,1553.85,Piura
445,2024-09-27,9616,Tablet,Electrónica,3,637.42,1912.26,Cusco
446,2024-05-31,7322,Bicicleta,Deportes,1,547.65,547.65,Piura
447,2025-02-17,8551,Laptop,Electrónica,6,643.5,3861.0,Cusco
448,2024-06-22,8177,Muñeca,Juguetes,6,543.39,3260.34,Chiclayo
449,2024-09-01,6889,Rompecabezas,Juguetes,6,394.66,2367.96,Chiclayo
450,2024-07-18,7878,Casaca,Ropa,3,333.18,999.54,Chiclayo
451,2024-12-27,9162,Balón,Deportes,5,166.18,830.9,Cusco
452,2025-04-19,5474,Zapatillas,Ropa,6,850.75,5104.5,Lima
453,2024-12-21,3064,Refrigeradora,Hogar,6,690.34,4142.04,Piura
454,2025-02-01,9057,Balón,Deportes,6,884.09,5304.54,Lima
455,2025-02-28,2251,Monitor,Electrónica,4,356.63,1426.52,Trujillo
456,2024-04-22,2510,Raqueta,Deportes,8,362.81,2902.48,Trujillo
457,2025-03-20,8847,Refrigeradora,Hogar,8,807.26,6458.08,Piura
458,2025-02-02,8618,Jeans,Ropa,5,282.77,1413.85,Piura
459,2025-02-11,6743,Zapatillas,Ropa,6,199.11,1194.66,Chiclayo
460,2024-10-20,9810,Monitor,Electrónica,7,474.07,3318.49,Lima
461,2024-06-20,9400,Casaca,Ropa,8,948.44,7587.52,Cusco
462,2024-07-17,3350,Mesa,Hogar,6,834.26,5005.56,Cusco
463,2024-08-05,9159,Balón,Deportes,8,211.27,1690.16,Lima
464,2024-11-09,5201,Laptop,Electrónica,5,919.02,4595.1,Piura
465,2024-06-10,2168,Rompecabezas,Juguetes,5,997.36,4986.8,Arequipa
466,2025-01-18,7535,Raqueta,Deportes,4,385.43,1541.72,Arequipa
467,2025-02-17,4094,Ventilador,Hogar,1,896.71,896.71,Piura
468,2024-04-26,8725,Lego,Juguetes,1,624.92,624.92,Piura
469,2024-10-04,6237,Raqueta,Deportes,5,581.28,2906.4,Chiclayo
470,2025-01-30,7180,Pesas,Deportes,7,333.6,2335.2,Piura
471,2024-08-26,3561,Ventilador,Hogar,5,956.56,4782.8,Cusco
472,2024-05-11,6700,Tablet,Electrónica,1,81.76,81.76,Piura
473,2024-10-25,6557,Tablet,Electrónica,4,711.72,2846.88,Chiclayo
474,2024-09-30,1960,Silla,Hogar,8,194.03,1552.24,Piura
475,2024-05-29,4021,Polo,Ropa,8,815.41,6523.28,Chiclayo
476,2024-12-28,7931,Lego,Juguetes,1,463.81,463.81,Arequipa
477,2024-11-20,1936,Casaca,Ropa,4,629.35,2517.4,Piura
478,2024-07-23,7939,Auriculares,Electrónica,4,553.14,2212.56,Trujillo
479,2025-02-25,6739,Tablet,Electrónica,2,736.94,1473.88,Lima
480,2024-09-01,4189,Ventilador,Hogar,7,455.71,3189.97,Lima
481,2025-04-15,7052,Ventilador,Hogar,7,837.96,5865.72,Piura
482,2025-01-11,5702,Silla,Hogar,8,395.62,3164.96,Trujillo
483,2024-11-06,9448,Auriculares,Electrónica,5,303.86,1519.3,Chiclayo
484,2024-08-06,3364,Rodilleras,Deportes,1,74.91,74.91,Arequipa
485,2024-05-24,9242,Rodilleras,Deportes,2,445.25,890.5,Piura
486,2025-03-09,8340,Pesas,Deportes,2,481.77,963.54,Cusco
487,2024-12-30,3134,Tablet,Electrónica,2,462.66,925.32,Cusco
488,2024-08-24,3237,Bicicleta,Deportes,4,481.56,1926.24,Trujillo
489,2025-02-17,7882,Muñeca,Juguetes,1,963.25,963.25,Arequipa
490,2024-07-18,9136,Pesas,Deportes,4,540.56,2162.24,Chiclayo
491,2025-03-09,4967,Balón,Deportes,6,826.83,4960.98,Arequipa
492,2025-04-17,6196,Refrigeradora,Hogar,2,643.74,1287.48,Piura
493,2024-09-11,5954,Monitor,Electrónica,7,954.23,6679.61,Trujillo
494,2024-10-08,3927,Tablet,Electrónica,1,345.96,345.96,Arequipa
495,2025-02-27,9023,Peluche,Juguetes,5,389.04,1945.2,Arequipa
496,2024-04-22,1361,Polo,Ropa,6,649.62,3897.72,Lima
497,2024-05-20,1206,Polo,Ropa,3,812.71,2438.13,Piura
498,2025-01-13,4969,Silla,Hogar,1,923.67,923.67,Trujillo
499,2024-05-05,3982,Jeans,Ropa,8,794.89,6359.12,Arequipa
500,2025-03-22,5680,Muñeca,Juguetes,7,831.76,5822.32,Arequipa
501,2024-10-19,7501,Ventilador,Hogar,1,348.87,348.87,Arequipa
502,2024-10-19,3865,Smartphone,Electrónica,1,254.14,254.14,Arequipa
503,2025-03-23,3607,Muñeca,Juguetes,2,913.95,1827.9,Lima
504,2024-06-18,1261,Rompecabezas,Juguetes,7,543.34,3803.38,Arequipa
505,2024-07-12,3460,Zapatillas,Ropa,5,314.93,1574.65,Chiclayo
506,2025-01-13,1722,Tablet,Electrónica,7,761.58,5331.06,Chiclayo
507,2025-04-04,3493,Muñeca,Juguetes,3,284.03,852.09,Cusco
508,2024-12-02,5866,Silla,Hogar,3,328.69,986.07,Trujillo
509,2024-08-11,8610,Polo,Ropa,7,465.92,3261.44,Arequipa
510,2024-12-12,6143,Raqueta,Deportes,7,325.13,2275.91,Cusco
511,2024-07-10,1949,Auriculares,Electrónica,8,72.29,578.32,Arequipa
512,2024-08-04,4086,Tablet,Electrónica,1,368.95,368.95,Chiclayo
513,2024-11-04,5480,Peluche,Juguetes,5,510.6,2553.0,Arequipa
514,2024-07-09,3228,Balón,Deportes,7,681.34,4769.38,Trujillo
515,2024-06-14,2123,Peluche,Juguetes,8,817.45,6539.6,Chiclayo
516,2024-09-12,7450,Raqueta,Deportes,8,639.86,5118.88,Piura
517,2025-01-12,4432,Laptop,Electrónica,5,991.79,4958.95,Piura
518,2025-04-09,2422,Auto a control,Juguetes,8,159.34,1274.72,Lima
519,2025-03-22,2973,Muñeca,Juguetes,7,247.22,1730.54,Piura
520,2024-11-17,2928,Tablet,Electrónica,8,207.25,1658.0,Cusco
521,2025-03-08,7887,Muñeca,Juguetes,7,176.3,1234.1,Trujillo
522,2024-04-25,9161,Auto a control,Juguetes,4,407.4,1629.6,Chiclayo
523,2024-05-24,3380,Refrigeradora,Hogar,3,879.98,2639.94,Arequipa
524,2024-08-31,1267,Ventilador,Hogar,7,440.94,3086.58,Lima
525,2024-09-05,3203,Rompecabezas,Juguetes,2,615.35,1230.7,Lima
526,2025-03-10,8307,Silla,Hogar,8,308.63,2469.04,Piura
527,2024-10-20,8487,Peluche,Juguetes,2,537.13,1074.26,Cusco
528,2025-04-03,1415,Mesa,Hogar,5,278.42,1392.1,Piura
529,2025-01-15,9110,Peluche,Juguetes,5,837.64,4188.2,Piura
530,2024-07-04,9767,Balón,Deportes,6,772.42,4634.52,Chiclayo
531,2024-08-31,8672,Mesa,Hogar,4,206.29,825.16,Arequipa
532,2025-03-19,1018,Auriculares,Electrónica,2,297.18,594.36,Chiclayo
533,2024-11-03,8163,Rompecabezas,Juguetes,1,890.45,890.45,Trujillo
534,2025-04-20,1631,Rodilleras,Deportes,7,354.35,2480.45,Chiclayo
535,2024-04-27,1294,Monitor,Electrónica,4,420.59,1682.36,Chiclayo
536,2025-03-08,2067,Cocina,Hogar,5,555.23,2776.15,Cusco
537,2025-03-10,1488,Smartphone,Electrónica,1,632.31,632.31,Trujillo
538,2025-03-08,6422,Monitor,Electrónica,1,928.27,928.27,Arequipa
539,2024-12-22,1883,Mesa,Hogar,7,600.67,4204.69,Piura
540,2024-10-09,3585,Peluche,Juguetes,5,793.62,3968.1,Trujillo
541,2025-03-05,7866,Monitor,Electrónica,7,106.28,743.96,Arequipa
542,2025-01-10,7756,Bicicleta,Deportes,7,213.93,1497.51,Trujillo
543,2024-10-23,8011,Peluche,Juguetes,6,112.62,675.72,Chiclayo
544,2024-08-04,6254,Silla,Hogar,1,802.48,802.48,Arequipa
545,2024-09-12,3385,Smartphone,Electrónica,2,253.19,506.38,Lima
546,2025-03-30,6780,Monitor,Electrónica,3,842.97,2528.91,Cusco
547,2025-04-17,2033,Rompecabezas,Juguetes,3,347.99,1043.97,Piura
548,2025-02-27,1846,Raqueta,Deportes,2,107.39,214.78,Arequipa
549,2024-09-11,7369,Cocina,Hogar,4,610.23,2440.92,Lima
550,2025-01-02,8434,Rodilleras,Deportes,2,525.66,1051.32,Chiclayo
551,2025-01-17,1451,Lego,Juguetes,7,972.21,6805.47,Trujillo
552,2024-06-19,1470,Auriculares,Electrónica,6,688.46,4130.76,Trujillo
553,2024-04-25,5083,Peluche,Juguetes,8,71.49,571.92,Trujillo
554,2024-08-05,4380,Auriculares,Electrónica,6,682.8,4096.8,Piura
555,2024-08-07,9741,Bicicleta,Deportes,3,934.81,2804.43,Arequipa
556,2025-02-25,7010,Mesa,Hogar,8,409.65,3277.2,Lima
557,2024-12-16,9148,Smartphone,Electrónica,3,225.71,677.13,Piura
558,2024-06-25,1498,Cocina,Hogar,8,445.98,3567.84,Lima
559,2025-04-20,8519,Jeans,Ropa,3,736.86,2210.58,Trujillo
560,2024-09-02,8855,Smartphone,Electrónica,5,629.69,3148.45,Lima
561,2024-12-10,4676,Ventilador,Hogar,7,998.43,6989.01,Arequipa
562,2025-02-03,4009,Chompa,Ropa,7,792.69,5548.83,Piura
563,2024-12-25,9789,Lego,Juguetes,7,957.1,6699.7,Trujillo
564,2024-09-22,1528,Mesa,Hogar,6,388.32,2329.92,Chiclayo
565,2024-11-12,6874,Raqueta,Deportes,1,202.48,202.48,Trujillo
566,2024-11-18,9742,Peluche,Juguetes,6,362.94,2177.64,Cusco
567,2024-04-22,7433,Laptop,Electrónica,4,260.29,1041.16,Cusco
568,2024-08-28,4389,Monitor,Electrónica,3,480.88,1442.64,Chiclayo
569,2024-11-11,8391,Casaca,Ropa,7,309.83,2168.81,Cusco
570,2024-10-27,2672,Polo,Ropa,5,911.06,4555.3,Trujillo
571,2025-01-13,6355,Muñeca,Juguetes,1,382.09,382.09,Cusco
572,2024-10-20,1273,Zapatillas,Ropa,3,135.74,407.22,Piura
573,2025-01-16,8813,Jeans,Ropa,4,402.34,1609.36,Chiclayo
574,2024-11-05,1035,Pesas,Deportes,3,200.93,602.79,Trujillo
575,2025-01-04,7524,Balón,Deportes,4,332.05,1328.2,Arequipa
576,2025-03-09,4057,Rompecabezas,Juguetes,3,311.65,934.95,Chiclayo
577,2024-05-05,8227,Casaca,Ropa,8,949.83,7598.64,Chiclayo
578,2024-09-17,6301,Peluche,Juguetes,3,785.68,2357.04,Arequipa
579,2024-06-14,2791,Chompa,Ropa,5,710.75,3553.75,Lima
580,2024-04-27,9491,Balón,Deportes,5,579.26,2896.3,Cusco
581,2024-05-08,1702,Bicicleta,Deportes,8,829.26,6634.08,Chiclayo
582,2025-02-08,6226,Auto a control,Juguetes,1,155.9,155.9,Piura
583,2024-05-25,9321,Peluche,Juguetes,4,242.63,970.52,Chiclayo
584,2024-05-06,6449,Ventilador,Hogar,7,558.36,3908.52,Lima
585,2024-05-11,1422,Laptop,Electrónica,2,706.55,1413.1,Lima
586,2025-01-06,6769,Laptop,Electrónica,1,183.13,183.13,Piura
587,2024-07-12,6234,Refrigeradora,Hogar,2,99.02,198.04,Lima
588,2024-11-09,9642,Muñeca,Juguetes,5,347.96,1739.8,Arequipa
589,2024-11-02,3851,Pesas,Deportes,3,997.4,2992.2,Arequipa
590,2024-07-01,2329,Balón,Deportes,7,94.53,661.71,Piura
591,2024-12-27,6464,Rodilleras,Deportes,6,422.47,2534.82,Cusco
592,2024-08-28,8208,Casaca,Ropa,1,597.48,597.48,Trujillo
593,2024-11-19,1945,Monitor,Electrónica,7,395.98,2771.86,Trujillo
594,2024-09-17,5338,Casaca,Ropa,4,852.0,3408.0,Trujillo
595,2025-01-21,7293,Raqueta,Deportes,6,967.77,5806.62,Piura
596,2024-04-27,5232,Auto a control,Juguetes,3,303.15,909.45,Lima
597,2024-06-16,3975,Auto a control,Juguetes,8,756.16,6049.28,Piura
598,2024-05-29,4792,Silla,Hogar,7,395.3,2767.1,Chiclayo
599,2025-02-23,9284,Rompecabezas,Juguetes,6,259.59,1557.54,Piura
600,2024-08-28,7098,Lego,Juguetes,2,329.9,659.8,Chiclayo
601,2024-07-20,7002,Rompecabezas,Juguetes,8,629.64,5037.12,Trujillo
602,2025-01-13,8594,Smartphone,Electrónica,8,858.18,6865.44,Lima
603,2024-07-23,1073,Rompecabezas,Juguetes,6,881.29,5287.74,Chiclayo
604,2024-08-18,6896,Muñeca,Juguetes,1,433.37,433.37,Arequipa
605,2025-02-24,7042,Monitor,Electrónica,3,274.11,822.33,Cusco
606,2025-04-06,8436,Mesa,Hogar,2,200.0,400.0,Arequipa
607,2025-03-15,6993,Ventilador,Hogar,5,403.16,2015.8,Piura
608,2024-11-06,7831,Cocina,Hogar,8,456.11,3648.88,Trujillo
609,2024-07-28,7259,Peluche,Juguetes,6,65.11,390.66,Lima
610,2024-04-27,2723,Casaca,Ropa,3,631.88,1895.64,Arequipa
611,2024-04-27,8875,Jeans,Ropa,2,977.49,1954.98,Chiclayo
612,2025-04-17,2479,Zapatillas,Ropa,1,352.14,352.14,Arequipa
613,2025-03-29,4574,Balón,Deportes,3,522.38,1567.14,Chiclayo
614,2024-11-13,8391,Polo,Ropa,3,389.59,1168.77,Cusco
615,2024-07-29,1419,Peluche,Juguetes,6,672.14,4032.84,Cusco
616,2024-11-26,1228,Polo,Ropa,5,993.98,4969.9,Chiclayo
617,2025-03-08,4670,Raqueta,Deportes,3,69.22,207.66,Trujillo
618,2024-06-25,7098,Muñeca,Juguetes,1,401.76,401.76,Chiclayo
619,2024-07-15,4572,Mesa,Hogar,4,421.08,1684.32,Arequipa
620,2025-03-30,2875,Balón,Deportes,6,503.66,3021.96,Lima
621,2024-07-05,7363,Jeans,Ropa,5,128.74,643.7,Chiclayo
622,2025-01-13,4462,Pesas,Deportes,8,258.1,2064.8,Lima
623,2025-01-27,9152,Polo,Ropa,4,601.3,2405.2,Trujillo
624,2024-05-03,3619,Peluche,Juguetes,1,678.13,678.13,Trujillo
625,2024-06-30,4499,Chompa,Ropa,2,183.17,366.34,Cusco
626,2024-12-13,7780,Casaca,Ropa,1,929.71,929.71,Piura
627,2024-08-21,4052,Peluche,Juguetes,7,60.99,426.93,Trujillo
628,2024-11-08,1209,Polo,Ropa,8,944.95,7559.6,Cusco
629,2024-09-12,6778,Monitor,Electrónica,4,630.81,2523.24,Cusco
630,2024-12-10,1774,Mesa,Hogar,3,155.9,467.7,Trujillo
631,2025-02-03,3112,Casaca,Ropa,8,517.17,4137.36,Chiclayo
632,2024-09-02,8400,Jeans,Ropa,4,813.89,3255.56,Piura
633,2024-12-18,1982,Silla,Hogar,3,276.78,830.34,Lima
634,2024-12-28,5275,Smartphone,Electrónica,5,77.18,385.9,Piura
635,2025-02-25,3206,Casaca,Ropa,6,757.73,4546.38,Piura
636,2024-06-16,8978,Jeans,Ropa,6,563.06,3378.36,Piura
637,2025-04-15,7334,Chompa,Ropa,5,596.04,2980.2,Trujillo
638,2025-01-18,4867,Tablet,Electrónica,8,161.23,1289.84,Chiclayo
639,2024-09-25,3742,Peluche,Juguetes,2,979.38,1958.76,Lima
640,2024-06-27,2965,Raqueta,Deportes,6,184.2,1105.2,Cusco
641,2024-11-14,4480,Smartphone,Electrónica,2,124.79,249.58,Arequipa
642,2024-07-03,6762,Rompecabezas,Juguetes,6,337.21,2023.26,Cusco
643,2024-11-29,9088,Muñeca,Juguetes,7,519.3,3635.1,Arequipa
644,2025-01-27,5094,Lego,Juguetes,4,637.31,2549.24,Arequipa
645,2024-09-23,2538,Cocina,Hogar,2,79.92,159.84,Lima
646,2025-02-25,7920,Refrigeradora,Hogar,1,575.88,575.88,Cusco
647,2024-05-04,9067,Tablet,Electrónica,7,393.58,2755.06,Lima
648,2024-09-20,5989,Monitor,Electrónica,4,956.24,3824.96,Trujillo
649,2025-02-26,6504,Balón,Deportes,5,866.9,4334.5,Piura
650,2025-02-20,7487,Silla,Hogar,6,454.04,2724.24,Trujillo
651,2024-08-07,4824,Smartphone,Electrónica,4,187.69,750.76,Piura
652,2024-10-07,1456,Bicicleta,Deportes,4,446.33,1785.32,Arequipa
653,2025-01-03,1670,Mesa,Hogar,5,538.55,2692.75,Piura
654,2024-12-21,1711,Balón,Deportes,8,574.5,4596.0,Piura
655,2024-11-24,6190,Lego,Juguetes,8,113.91,911.28,Lima
656,2024-08-01,9047,Cocina,Hogar,5,502.41,2512.05,Cusco
657,2024-10-27,5624,Auto a control,Juguetes,6,499.51,2997.06,Lima
658,2025-04-07,2943,Zapatillas,Ropa,8,764.59,6116.72,Arequipa
659,2024-12-07,5662,Lego,Juguetes,5,113.4,567.0,Lima
660,2024-08-04,1042,Silla,Hogar,2,106.19,212.38,Piura
661,2024-10-24,5876,Casaca,Ropa,8,731.44,5851.52,Arequipa
662,2024-07-28,6046,Chompa,Ropa,7,953.55,6674.85,Arequipa
663,2025-02-06,1753,Rompecabezas,Juguetes,7,77.09,539.63,Trujillo
664,2024-06-20,4534,Jeans,Ropa,6,664.73,3988.38,Trujillo
665,2024-11-13,5587,Tablet,Electrónica,3,559.13,1677.39,Lima
666,2024-12-09,3860,Laptop,Electrónica,7,197.92,1385.44,Chiclayo
667,2024-05-02,6370,Refrigeradora,Hogar,1,651.67,651.67,Lima
668,2024-12-04,6262,Bicicleta,Deportes,8,332.75,2662.0,Piura
669,2025-01-21,6261,Rodilleras,Deportes,1,937.52,937.52,Arequipa
670,2024-06-19,2439,Zapatillas,Ropa,8,579.0,4632.0,Lima
671,2024-12-29,7725,Pesas,Deportes,6,711.68,4270.08,Trujillo
672,2025-04-01,8117,Rodilleras,Deportes,4,550.25,2201.0,Cusco
673,2025-02-25,5999,Lego,Juguetes,1,351.82,351.82,Arequipa
674,2024-04-30,1386,Jeans,Ropa,2,820.24,1640.48,Trujillo
675,2025-01-08,1159,Laptop,Electrónica,3,728.91,2186.73,Trujillo
676,2024-08-26,8922,Zapatillas,Ropa,7,653.6,4575.2,Piura
677,2024-10-28,5817,Chompa,Ropa,5,718.88,3594.4,Lima
678,2024-05-20,5934,Monitor,Electrónica,1,516.25,516.25,Cusco
679,2024-12-21,2429,Peluche,Juguetes,1,497.23,497.23,Lima
680,2025-01-06,1326,Zapatillas,Ropa,6,411.16,2466.96,Arequipa
681,2024-12-05,3952,Laptop,Electrónica,7,630.16,4411.12,Trujillo
682,2024-06-04,8100,Lego,Juguetes,2,144.84,289.68,Chiclayo
683,2024-11-08,7423,Muñeca,Juguetes,2,671.88,1343.76,Piura
684,2024-11-18,8840,Auto a control,Juguetes,4,415.21,1660.84,Arequipa
685,2024-07-17,6092,Smartphone,Electrónica,3,92.42,277.26,Cusco
686,2025-01-02,4954,Mesa,Hogar,1,96.36,96.36,Piura
687,2024-11-15,1898,Chompa,Ropa,7,741.15,5188.05,Arequipa
688,2024-05-06,5998,Lego,Juguetes,1,465.56,465.56,Trujillo
689,2024-07-24,1390,Chompa,Ropa,4,186.59,746.36,Piura
690,2024-07-30,8396,Silla,Hogar,5,312.82,1564.1,Arequipa
691,2024-08-08,8647,Cocina,Hogar,6,924.35,5546.1,Lima
692,2024-12-27,6046,Ventilador,Hogar,7,206.85,1447.95,Cusco
693,2025-04-13,3818,Jeans,Ropa,3,875.27,2625.81,Arequipa
694,2024-10-06,3262,Tablet,Electrónica,3,188.31,564.93,Cusco
695,2025-01-04,9793,Auriculares,Electrónica,3,965.85,2897.55,Piura
696,2025-03-12,3549,Auriculares,Electrónica,5,357.34,1786.7,Piura
697,2024-11-03,7402,Cocina,Hogar,3,768.79,2306.37,Cusco
698,2025-02-23,2939,Polo,Ropa,3,951.37,2854.11,Trujillo
699,2024-07-17,4511,Refrigeradora,Hogar,2,472.71,945.42,Lima
700,2024-07-23,2775,Rompecabezas,Juguetes,2,908.99,1817.98,Lima
701,2024-07-01,5698,Auto a control,Juguetes,6,211.07,1266.42,Chiclayo
702,2024-09-16,1928,Laptop,Electrónica,3,557.67,1673.01,Cusco
703,2024-07-31,5514,Cocina,Hogar,4,490.05,1960.2,Lima
704,2024-06-04,7294,Cocina,Hogar,5,68.24,341.2,Chiclayo
705,2025-02-21,2864,Auto a control,Juguetes,3,571.89,1715.67,Piura
706,2025-04-03,9794,Bicicleta,Deportes,4,494.8,1979.2,Trujillo
707,2025-03-19,2923,Monitor,Electrónica,6,241.86,1451.16,Piura
708,2025-03-17,3115,Peluche,Juguetes,2,666.12,1332.24,Trujillo
709,2025-02-10,8023,Zapatillas,Ropa,6,838.6,5031.6,Piura
710,2025-04-13,9751,Jeans,Ropa,2,868.8,1737.6,Cusco
711,2024-09-18,3646,Balón,Deportes,2,290.7,581.4,Piura
712,2025-02-19,5896,Chompa,Ropa,4,111.3,445.2,Lima
713,2025-01-22,6833,Chompa,Ropa,1,347.85,347.85,Piura
714,2025-03-28,3705,Laptop,Electrónica,5,390.47,1952.35,Lima
715,2025-04-16,9413,Auto a control,Juguetes,5,629.79,3148.95,Trujillo
716,2024-06-26,3179,Silla,Hogar,6,621.19,3727.14,Cusco
717,2024-04-29,3634,Smartphone,Electrónica,8,128.11,1024.88,Trujillo
718,2024-10-03,4376,Peluche,Juguetes,8,254.31,2034.48,Piura
719,2025-01-19,9615,Monitor,Electrónica,5,76.17,380.85,Trujillo
720,2024-07-09,3666,Auto a control,Juguetes,4,261.18,1044.72,Piura
721,2024-06-19,6399,Monitor,Electrónica,8,330.03,2640.24,Trujillo
722,2025-03-09,4810,Mesa,Hogar,7,551.44,3860.08,Chiclayo
723,2024-09-15,2662,Chompa,Ropa,2,329.43,658.86,Trujillo
724,2024-11-26,5538,Silla,Hogar,5,523.29,2616.45,Chiclayo
725,2025-02-17,9324,Auriculares,Electrónica,3,870.62,2611.86,Chiclayo
726,2025-02-14,5338,Mesa,Hogar,8,662.67,5301.36,Cusco
727,2025-02-28,6722,Lego,Juguetes,8,595.46,4763.68,Lima
728,2024-11-27,4630,Polo,Ropa,5,674.01,3370.05,Piura
729,2024-06-18,2003,Tablet,Electrónica,3,263.94,791.82,Cusco
730,2025-03-31,2015,Muñeca,Juguetes,2,154.89,309.78,Cusco
731,2024-08-13,3275,Refrigeradora,Hogar,7,970.19,6791.33,Trujillo
732,2024-06-10,5622,Monitor,Electrónica,6,615.03,3690.18,Piura
733,2024-09-24,3261,Peluche,Juguetes,5,715.36,3576.8,Cusco
734,2024-10-17,8865,Jeans,Ropa,4,704.24,2816.96,Cusco
735,2024-06-15,2065,Refrigeradora,Hogar,3,335.02,1005.06,Lima
736,2025-03-27,5462,Silla,Hogar,3,417.15,1251.45,Piura
737,2024-05-18,2441,Rompecabezas,Juguetes,2,418.64,837.28,Chiclayo
738,2025-02-25,4527,Balón,Deportes,2,50.35,100.7,Piura
739,2025-04-15,1584,Zapatillas,Ropa,2,924.76,1849.52,Chiclayo
740,2024-05-22,3683,Raqueta,Deportes,7,220.1,1540.7,Cusco
741,2024-07-03,4282,Refrigeradora,Hogar,1,994.26,994.26,Cusco
742,2024-05-06,7411,Rompecabezas,Juguetes,4,171.79,687.16,Chiclayo
743,2024-12-18,3344,Cocina,Hogar,6,472.44,2834.64,Arequipa
744,2024-07-28,5131,Mesa,Hogar,8,254.41,2035.28,Trujillo
745,2024-11-07,2209,Ventilador,Hogar,1,572.02,572.02,Lima
746,2024-06-06,9301,Bicicleta,Deportes,2,641.27,1282.54,Lima
747,2024-06-02,9422,Muñeca,Juguetes,8,616.26,4930.08,Lima
748,2024-08-31,6143,Lego,Juguetes,1,491.95,491.95,Trujillo
749,2025-04-06,9584,Rodilleras,Deportes,6,111.99,671.94,Piura
750,2024-08-15,1976,Polo,Ropa,6,656.13,3936.78,Lima
751,2024-06-21,4492,Jeans,Ropa,8,640.73,5125.84,Trujillo
752,2024-09-23,9610,Auto a control,Juguetes,4,481.34,1925.36,Arequipa
753,2024-05-15,4358,Raqueta,Deportes,3,706.72,2120.16,Arequipa
754,2024-12-25,5390,Mesa,Hogar,8,871.75,6974.0,Arequipa
755,2024-08-23,9492,Mesa,Hogar,2,889.21,1778.42,Cusco
756,2025-01-10,7443,Zapatillas,Ropa,8,95.25,762.0,Trujillo
757,2025-01-19,1787,Smartphone,Electrónica,7,607.37,4251.59,Chiclayo
758,2025-01-05,9572,Cocina,Hogar,5,179.2,896.0,Trujillo
759,2025-03-05,8788,Monitor,Electrónica,1,871.38,871.38,Lima
760,2024-06-30,7224,Chompa,Ropa,3,608.98,1826.94,Lima
761,2024-11-05,5650,Zapatillas,Ropa,6,651.0,3906.0,Piura
762,2024-09-06,5407,Pesas,Deportes,1,787.42,787.42,Piura
763,2025-01-11,2048,Cocina,Hogar,6,195.71,1174.26,Arequipa
764,2025-01-08,1257,Ventilador,Hogar,8,995.53,7964.24,Arequipa
765,2024-10-06,8720,Rompecabezas,Juguetes,1,784.49,784.49,Trujillo
766,2024-08-09,8943,Rodilleras,Deportes,2,327.24,654.48,Arequipa
767,2024-12-20,7341,Rompecabezas,Juguetes,5,279.85,1399.25,Chiclayo
768,2024-07-06,8730,Jeans,Ropa,5,760.28,3801.4,Chiclayo
769,2024-11-05,7693,Auriculares,Electrónica,8,175.71,1405.68,Piura
770,2025-01-22,6395,Silla,Hogar,4,336.13,1344.52,Piura
771,2025-01-08,2008,Bicicleta,Deportes,4,687.43,2749.72,Chiclayo
772,2025-03-21,9182,Rompecabezas,Juguetes,3,917.16,2751.48,Arequipa
773,2024-12-17,7170,Auriculares,Electrónica,3,206.19,618.57,Cusco
774,2024-05-07,6129,Silla,Hogar,2,717.71,1435.42,Arequipa
775,2024-05-07,6484,Pesas,Deportes,8,413.63,3309.04,Trujillo
776,2024-10-28,4025,Mesa,Hogar,2,282.46,564.92,Chiclayo
777,2024-09-17,8108,Monitor,Electrónica,7,990.22,6931.54,Chiclayo
778,2024-08-05,2334,Tablet,Electrónica,8,423.68,3389.44,Cusco
779,2024-07-12,2721,Casaca,Ropa,2,861.14,1722.28,Cusco
780,2024-10-24,4366,Cocina,Hogar,8,535.15,4281.2,Trujillo
781,2024-04-24,5652,Raqueta,Deportes,4,398.38,1593.52,Arequipa
782,2024-07-18,9475,Refrigeradora,Hogar,6,652.12,3912.72,Arequipa
783,2025-01-04,4805,Auriculares,Electrónica,1,154.14,154.14,Arequipa
784,2024-04-23,4108,Tablet,Electrónica,1,580.39,580.39,Arequipa
785,2024-09-17,7039,Silla,Hogar,8,782.43,6259.44,Cusco
786,2024-08-11,5630,Pesas,Deportes,2,391.72,783.44,Lima
787,2024-05-28,8713,Muñeca,Juguetes,8,404.37,3234.96,Chiclayo
788,2024-08-28,1200,Auto a control,Juguetes,6,266.99,1601.94,Lima
789,2025-01-31,7518,Muñeca,Juguetes,4,679.81,2719.24,Trujillo
790,2024-08-02,1111,Peluche,Juguetes,6,732.72,4396.32,Chiclayo
791,2024-10-14,3530,Mesa,Hogar,3,566.56,1699.68,Piura
792,2024-08-13,8024,Auriculares,Electrónica,4,78.43,313.72,Cusco
793,2025-03-09,3209,Raqueta,Deportes,7,306.4,2144.8,Trujillo
794,2024-09-13,5270,Casaca,Ropa,1,760.61,760.61,Trujillo
795,2024-08-20,3749,Pesas,Deportes,7,405.08,2835.56,Trujillo
796,2024-11-10,5256,Lego,Juguetes,2,795.55,1591.1,Arequipa
797,2024-10-29,5655,Raqueta,Deportes,3,104.4,313.2,Cusco
798,2024-08-28,8070,Ventilador,Hogar,5,447.47,2237.35,Trujillo
799,2024-09-24,9771,Muñeca,Juguetes,2,142.01,284.02,Piura
800,2024-09-12,7772,Silla,Hogar,1,977.27,977.27,Arequipa
801,2024-11-22,5190,Rodilleras,Deportes,3,280.23,840.69,Chiclayo
802,2025-03-11,8050,Mesa,Hogar,4,54.5,218.0,Arequipa
803,2024-06-25,5644,Casaca,Ropa,7,353.4,2473.8,Arequipa
804,2024-07-13,6783,Ventilador,Hogar,1,334.76,334.76,Lima
805,2024-12-21,4940,Tablet,Electrónica,8,616.41,4931.28,Lima
806,2024-10-10,2270,Lego,Juguetes,4,143.15,572.6,Arequipa
807,2024-11-07,9537,Chompa,Ropa,6,446.3,2677.8,Cusco
808,2025-02-06,2643,Smartphone,Electrónica,1,689.22,689.22,Chiclayo
809,2025-02-03,9340,Smartphone,Electrónica,7,721.52,5050.64,Cusco
810,2024-04-25,3181,Polo,Ropa,5,185.18,925.9,Trujillo
811,2024-10-17,5240,Jeans,Ropa,5,547.92,2739.6,Chiclayo
812,2024-12-31,6534,Mesa,Hogar,2,505.25,1010.5,Chiclayo
813,2024-12-02,5815,Laptop,Electrónica,2,765.74,1531.48,Chiclayo
814,2024-09-06,5536,Auto a control,Juguetes,3,775.59,2326.77,Piura
815,2025-01-12,7777,Refrigeradora,Hogar,2,404.31,808.62,Trujillo
816,2025-04-19,7678,Laptop,Electrónica,1,569.01,569.01,Chiclayo
817,2024-07-08,3402,Smartphone,Electrónica,4,202.37,809.48,Cusco
818,2024-10-31,2405,Refrigeradora,Hogar,2,866.62,1733.24,Chiclayo
819,2024-10-17,6189,Jeans,Ropa,2,950.39,1900.78,Cusco
820,2024-08-03,3802,Rodilleras,Deportes,1,196.59,196.59,Piura
821,2025-03-19,6688,Auto a control,Juguetes,1,786.38,786.38,Chiclayo
822,2025-03-02,7821,Rompecabezas,Juguetes,2,643.77,1287.54,Lima
823,2024-11-23,5746,Mesa,Hogar,1,167.89,167.89,Piura
824,2024-09-14,8102,Smartphone,Electrónica,3,182.44,547.32,Cusco
825,2024-12-13,7093,Auto a control,Juguetes,8,439.07,3512.56,Piura
826,2024-04-29,4398,Balón,Deportes,8,382.24,3057.92,Arequipa
827,2024-11-20,8233,Monitor,Electrónica,3,437.38,1312.14,Chiclayo
828,2024-08-25,4239,Chompa,Ropa,8,831.02,6648.16,Piura
829,2025-01-11,8407,Casaca,Ropa,5,617.83,3089.15,Lima
830,2025-02-28,4630,Pesas,Deportes,1,232.82,232.82,Chiclayo
831,2025-04-12,1231,Chompa,Ropa,7,888.91,6222.37,Piura
832,2025-03-03,9029,Raqueta,Deportes,5,504.89,2524.45,Piura
833,2025-02-20,2540,Refrigeradora,Hogar,1,323.18,323.18,Cusco
834,2025-02-04,4562,Bicicleta,Deportes,5,127.68,638.4,Arequipa
835,2025-02-27,4958,Peluche,Juguetes,2,572.11,1144.22,Arequipa
836,2024-12-27,6779,Casaca,Ropa,8,502.62,4020.96,Trujillo
837,2024-07-03,7627,Chompa,Ropa,1,353.36,353.36,Trujillo
838,2024-06-29,1481,Lego,Juguetes,3,304.0,912.0,Cusco
839,2024-09-26,7527,Rodilleras,Deportes,4,80.95,323.8,Cusco
840,2025-01-17,3811,Bicicleta,Deportes,2,629.65,1259.3,Cusco
841,2025-02-13,9250,Monitor,Electrónica,4,639.63,2558.52,Arequipa
842,2024-06-13,7263,Monitor,Electrónica,3,485.8,1457.4,Lima
843,2024-05-24,9034,Lego,Juguetes,6,786.02,4716.12,Trujillo
844,2025-01-03,3835,Rodilleras,Deportes,5,321.26,1606.3,Trujillo
845,2024-07-29,7525,Ventilador,Hogar,7,294.92,2064.44,Chiclayo
846,2024-08-05,9281,Smartphone,Electrónica,7,439.28,3074.96,Lima
847,2025-01-01,6811,Jeans,Ropa,1,337.87,337.87,Trujillo
848,2024-12-17,5484,Smartphone,Electrónica,8,227.65,1821.2,Cusco
849,2024-10-22,3489,Casaca,Ropa,1,563.76,563.76,Lima
850,2025-04-01,6653,Rompecabezas,Juguetes,6,479.01,2874.06,Cusco
851,2024-11-16,8000,Polo,Ropa,5,702.76,3513.8,Arequipa
852,2024-10-31,9753,Bicicleta,Deportes,1,172.66,172.66,Piura
853,2024-09-27,5509,Lego,Juguetes,6,350.34,2102.04,Cusco
854,2024-05-23,4424,Laptop,Electrónica,3,506.72,1520.16,Lima
855,2024-11-03,4885,Tablet,Electrónica,8,927.76,7422.08,Arequipa
856,2024-06-10,5827,Jeans,Ropa,6,97.79,586.74,Piura
857,2024-06-01,1548,Casaca,Ropa,8,533.6,4268.8,Cusco
858,2024-05-05,3004,Balón,Deportes,4,81.6,326.4,Lima
859,2024-08-13,7367,Auriculares,Electrónica,6,572.0,3432.0,Trujillo
860,2024-06-22,5196,Auto a control,Juguetes,2,675.07,1350.14,Cusco
861,2024-06-12,8217,Silla,Hogar,2,883.26,1766.52,Cusco
862,2024-05-07,6983,Muñeca,Juguetes,4,288.37,1153.48,Arequipa
863,2025-04-02,5499,Zapatillas,Ropa,3,863.93,2591.79,Cusco
864,2025-03-08,7283,Chompa,Ropa,6,318.5,1911.0,Piura
865,2025-02-15,2941,Pesas,Deportes,2,513.5,1027.0,Trujillo
866,2024-07-08,2545,Peluche,Juguetes,5,907.15,4535.75,Piura
867,2024-05-09,1730,Ventilador,Hogar,8,619.46,4955.68,Piura
868,2025-01-08,6580,Polo,Ropa,4,942.87,3771.48,Lima
869,2025-02-10,3318,Rodilleras,Deportes,4,369.23,1476.92,Lima
870,2025-01-04,8554,Laptop,Electrónica,1,888.36,888.36,Trujillo
871,2024-05-23,1425,Muñeca,Juguetes,8,134.23,1073.84,Lima
872,2024-08-31,2299,Auriculares,Electrónica,8,457.97,3663.76,Arequipa
873,2024-11-19,6748,Refrigeradora,Hogar,6,400.46,2402.76,Trujillo
874,2025-01-24,1848,Zapatillas,Ropa,8,143.64,1149.12,Trujillo
875,2025-02-06,2752,Polo,Ropa,4,388.92,1555.68,Trujillo
876,2025-01-14,1985,Pesas,Deportes,5,623.61,3118.05,Trujillo
877,2024-06-10,5503,Monitor,Electrónica,5,307.27,1536.35,Cusco
878,2025-02-06,2457,Rodilleras,Deportes,8,381.7,3053.6,Piura
879,2024-06-12,3882,Rodilleras,Deportes,8,838.77,6710.16,Piura
880,2024-10-09,3328,Balón,Deportes,6,405.9,2435.4,Chiclayo
881,2025-03-01,4185,Cocina,Hogar,5,935.63,4678.15,Cusco
882,2024-06-02,2530,Ventilador,Hogar,6,449.09,2694.54,Trujillo
883,2024-11-09,6083,Smartphone,Electrónica,2,430.13,860.26,Piura
884,2024-10-26,7465,Smartphone,Electrónica,5,173.64,868.2,Cusco
885,2025-03-31,9490,Jeans,Ropa,2,773.06,1546.12,Trujillo
886,2024-05-31,9691,Silla,Hogar,6,678.48,4070.88,Trujillo
887,2024-09-06,3792,Auto a control,Juguetes,7,423.34,2963.38,Lima
888,2025-02-19,8340,Silla,Hogar,1,380.55,380.55,Cusco
889,2024-09-30,4971,Auriculares,Electrónica,6,857.5,5145.0,Arequipa
890,2024-11-21,7533,Peluche,Juguetes,2,457.93,915.86,Lima
891,2025-01-25,6324,Auto a control,Juguetes,5,79.12,395.6,Trujillo
892,2024-09-15,7785,Rompecabezas,Juguetes,3,772.49,2317.47,Chiclayo
893,2024-11-01,7893,Zapatillas,Ropa,7,612.05,4284.35,Piura
894,2024-10-26,4572,Ventilador,Hogar,4,843.6,3374.4,Trujillo
895,2024-05-18,4838,Casaca,Ropa,3,966.68,2900.04,Cusco
896,2024-07-25,5198,Peluche,Juguetes,6,723.01,4338.06,Lima
897,2024-12-17,8626,Muñeca,Juguetes,7,99.79,698.53,Lima
898,2025-03-21,2863,Tablet,Electrónica,7,696.9,4878.3,Arequipa
899,2025-04-07,6315,Refrigeradora,Hogar,1,324.28,324.28,Lima
900,2025-04-18,8620,Laptop,Electrónica,4,580.34,2321.36,Lima
901,2024-12-22,8737,Auto a control,Juguetes,2,379.0,758.0,Arequipa
902,2025-04-15,7748,Zapatillas,Ropa,7,784.11,5488.77,Trujillo
903,2025-01-06,7107,Balón,Deportes,7,664.41,4650.87,Lima
904,2024-12-25,5635,Balón,Deportes,4,345.9,1383.6,Piura
905,2025-04-16,9462,Auriculares,Electrónica,8,291.64,2333.12,Trujillo
906,2024-12-17,2870,Pesas,Deportes,5,947.53,4737.65,Chiclayo
907,2025-02-24,1309,Silla,Hogar,4,949.83,3799.32,Cusco
908,2024-11-20,6468,Auto a control,Juguetes,2,70.55,141.1,Piura
909,2024-10-18,3652,Cocina,Hogar,3,330.09,990.27,Arequipa
910,2025-04-12,7708,Raqueta,Deportes,1,703.6,703.6,Piura
911,2024-07-29,6945,Rodilleras,Deportes,3,220.44,661.32,Cusco
912,2024-10-06,6436,Bicicleta,Deportes,5,929.72,4648.6,Chiclayo
913,2024-12-17,5528,Auto a control,Juguetes,6,399.71,2398.26,Lima
914,2024-06-13,8054,Rompecabezas,Juguetes,2,85.18,170.36,Piura
915,2024-07-05,5784,Balón,Deportes,1,997.02,997.02,Lima
916,2025-03-17,4283,Lego,Juguetes,3,220.75,662.25,Cusco
917,2025-01-16,3903,Silla,Hogar,2,997.52,1995.04,Lima
918,2025-03-16,8184,Auto a control,Juguetes,6,754.79,4528.74,Arequipa
919,2025-01-25,8543,Muñeca,Juguetes,3,354.85,1064.55,Lima
920,2024-07-14,7894,Casaca,Ropa,5,171.53,857.65,Cusco
921,2025-01-21,4444,Laptop,Electrónica,4,139.93,559.72,Cusco
922,2024-11-04,5654,Laptop,Electrónica,8,118.4,947.2,Trujillo
923,2024-10-11,1787,Lego,Juguetes,5,791.96,3959.8,Lima
924,2024-12-03,1491,Rodilleras,Deportes,7,580.75,4065.25,Piura
925,2024-09-29,9145,Rompecabezas,Juguetes,3,304.69,914.07,Arequipa
926,2025-04-03,6197,Muñeca,Juguetes,4,589.75,2359.0,Arequipa
927,2025-03-11,9764,Bicicleta,Deportes,5,577.46,2887.3,Trujillo
928,2025-03-10,9215,Lego,Juguetes,6,347.92,2087.52,Trujillo
929,2024-11-15,5178,Pesas,Deportes,3,883.0,2649.0,Lima
930,2024-08-03,1013,Monitor,Electrónica,6,58.98,353.88,Chiclayo
931,2024-06-29,7453,Ventilador,Hogar,2,398.0,796.0,Cusco
932,2024-08-11,6006,Raqueta,Deportes,7,937.63,6563.41,Piura
933,2024-05-15,7838,Balón,Deportes,5,737.32,3686.6,Cusco
934,2024-10-16,4052,Silla,Hogar,1,501.01,501.01,Arequipa
935,2024-05-05,7389,Pesas,Deportes,1,298.67,298.67,Cusco
936,2024-08-18,9413,Rodilleras,Deportes,8,507.34,4058.72,Trujillo
937,2025-04-14,6294,Chompa,Ropa,4,190.86,763.44,Chiclayo
938,2024-06-15,2870,Auriculares,Electrónica,5,586.96,2934.8,Lima
939,2024-07-08,9094,Peluche,Juguetes,1,324.18,324.18,Piura
940,2024-12-17,3197,Jeans,Ropa,8,635.15,5081.2,Chiclayo
941,2025-02-17,3231,Cocina,Hogar,2,550.79,1101.58,Lima
942,2025-02-22,2384,Raqueta,Deportes,7,518.0,3626.0,Arequipa
943,2025-02-27,2984,Tablet,Electrónica,3,192.09,576.27,Arequipa
944,2024-10-25,7488,Monitor,Electrónica,3,155.53,466.59,Piura
945,2024-09-09,1151,Laptop,Electrónica,4,253.48,1013.92,Trujillo
946,2024-07-30,5742,Tablet,Electrónica,6,820.2,4921.2,Piura
947,2024-09-16,6195,Chompa,Ropa,8,983.38,7867.04,Arequipa
948,2025-02-03,2927,Chompa,Ropa,4,296.79,1187.16,Chiclayo
949,2024-09-05,4620,Monitor,Electrónica,7,517.23,3620.61,Cusco
950,2024-11-16,3677,Rompecabezas,Juguetes,4,92.36,369.44,Chiclayo
951,2025-02-05,5882,Tablet,Electrónica,8,164.97,1319.76,Lima
952,2024-05-19,7849,Rodilleras,Deportes,2,920.89,1841.78,Cusco
953,2024-11-23,7994,Rodilleras,Deportes,5,71.1,355.5,Piura
954,2025-04-21,2058,Zapatillas,Ropa,2,254.57,509.14,Chiclayo
955,2025-01-27,3500,Refrigeradora,Hogar,2,267.51,535.02,Lima
956,2024-11-08,7102,Peluche,Juguetes,2,85.56,171.12,Lima
957,2024-05-03,7126,Peluche,Juguetes,7,399.22,2794.54,Arequipa
958,2024-12-02,3858,Auto a control,Juguetes,2,804.81,1609.62,Trujillo
959,2024-11-23,9446,Auriculares,Electrónica,4,980.4,3921.6,Lima
960,2024-06-07,4417,Smartphone,Electrónica,3,845.11,2535.33,Cusco
961,2024-06-16,4789,Laptop,Electrónica,2,234.3,468.6,Chiclayo
962,2024-05-08,3606,Auriculares,Electrónica,4,415.0,1660.0,Chiclayo
963,2025-02-22,4766,Refrigeradora,Hogar,8,923.8,7390.4,Lima
964,2025-04-17,5227,Silla,Hogar,6,547.93,3287.58,Trujillo
965,2024-05-12,6655,Rodilleras,Deportes,5,293.21,1466.05,Piura
966,2024-08-30,7417,Bicicleta,Deportes,5,185.55,927.75,Piura
967,2025-03-23,5545,Muñeca,Juguetes,7,101.48,710.36,Chiclayo
968,2025-02-01,1086,Chompa,Ropa,2,468.31,936.62,Trujillo
969,2025-02-16,1820,Silla,Hogar,3,853.25,2559.75,Arequipa
970,2024-09-11,4836,Ventilador,Hogar,7,266.1,1862.7,Arequipa
971,2025-01-04,8613,Tablet,Electrónica,7,874.69,6122.83,Trujillo
972,2025-03-03,6276,Chompa,Ropa,4,738.29,2953.16,Lima
973,2024-05-05,4994,Casaca,Ropa,1,275.92,275.92,Chiclayo
974,2024-07-08,4422,Rompecabezas,Juguetes,5,952.97,4764.85,Chiclayo
975,2024-05-20,8277,Refrigeradora,Hogar,5,667.34,3336.7,Cusco
976,2024-05-03,7402,Smartphone,Electrónica,7,747.58,5233.06,Chiclayo
977,2024-07-01,8190,Pesas,Deportes,5,655.81,3279.05,Arequipa
978,2025-03-01,7242,Silla,Hogar,4,668.77,2675.08,Chiclayo
979,2024-12-15,8189,Muñeca,Juguetes,3,206.48,619.44,Trujillo
980,2024-10-27,1080,Muñeca,Juguetes,8,425.07,3400.56,Cusco
981,2024-08-18,3592,Zapatillas,Ropa,8,694.97,5559.76,Arequipa
982,2024-05-22,1414,Lego,Juguetes,4,192.12,768.48,Chiclayo
983,2024-11-24,3482,Auriculares,Electrónica,3,848.18,2544.54,Piura
984,2024-09-04,4103,Auriculares,Electrónica,8,689.3,5514.4,Lima
985,2024-12-27,2311,Lego,Juguetes,1,178.32,178.32,Arequipa
986,2025-04-08,7912,Pesas,Deportes,1,226.09,226.09,Piura
987,2024-06-27,4854,Auto a control,Juguetes,6,124.23,745.38,Cusco
988,2025-02-04,4173,Casaca,Ropa,7,237.19,1660.33,Piura
989,2024-12-17,8110,Auriculares,Electrónica,4,622.65,2490.6,Arequipa
990,2024-05-08,6723,Auriculares,Electrónica,6,331.84,1991.04,Arequipa
991,2024-08-31,4361,Rodilleras,Deportes,5,782.59,3912.95,Cusco
992,2024-06-27,9372,Rompecabezas,Juguetes,1,829.77,829.77,Arequipa
993,2024-09-25,5294,Muñeca,Juguetes,3,415.03,1245.09,Chiclayo
994,2025-01-26,1153,Polo,Ropa,3,376.4,1129.2,Lima
995,2025-03-29,4845,Smartphone,Electrónica,5,474.97,2374.85,Chiclayo
996,2024-06-10,5456,Rodilleras,Deportes,1,441.98,441.98,Piura
997,2024-09-03,8673,Auriculares,Electrónica,2,190.38,380.76,Piura
998,2025-01-04,6530,Auriculares,Electrónica,8,527.53,4220.24,Cusco
999,2024-07-03,5336,Silla,Hogar,7,785.38,5497.66,Piura
1000,2025-01-26,9879,Chompa,Ropa,8,563.77,4510.16,Piura
1001,2024-08-01,8467,Mesa,Hogar,3,615.64,1846.92,Cusco
1002,2025-02-21,4219,Bicicleta,Deportes,7,881.85,6172.95,Arequipa
1003,2025-04-03,3329,Balón,Deportes,3,211.61,634.83,Cusco
1004,2024-12-23,4752,Polo,Ropa,6,123.11,738.66,Cusco
1005,2024-06-08,5146,Muñeca,Juguetes,8,205.85,1646.8,Lima
1006,2024-12-05,9027,Jeans,Ropa,6,713.79,4282.74,Piura
1007,2025-01-12,1390,Rompecabezas,Juguetes,4,503.59,2014.36,Arequipa
1008,2025-03-17,3247,Balón,Deportes,3,645.11,1935.33,Trujillo
1009,2025-02-25,1314,Auto a control,Juguetes,7,740.98,5186.86,Chiclayo
1010,2025-04-11,9698,Muñeca,Juguetes,6,344.65,2067.9,Chiclayo
1011,2024-05-29,9404,Mesa,Hogar,2,68.39,136.78,Chiclayo
1012,2024-04-28,4689,Balón,Deportes,7,843.1,5901.7,Arequipa
1013,2024-06-12,8268,Balón,Deportes,7,243.66,1705.62,Arequipa
1014,2024-04-22,5313,Balón,Deportes,5,707.78,3538.9,Trujillo
1015,2024-05-10,9127,Peluche,Juguetes,3,112.97,338.91,Chiclayo
1016,2025-03-13,2463,Raqueta,Deportes,1,126.99,126.99,Trujillo
1017,2024-06-01,6122,Casaca,Ropa,7,293.78,2056.46,Piura
1018,2025-01-25,9570,Pesas,Deportes,7,84.15,589.05,Chiclayo
1019,2024-09-19,4739,Rompecabezas,Juguetes,5,383.72,1918.6,Trujillo
1020,2025-01-24,6772,Silla,Hogar,1,73.39,73.39,Trujillo
1021,2024-06-03,9914,Ventilador,Hogar,5,137.04,685.2,Arequipa
1022,2024-06-01,9637,Jeans,Ropa,5,713.07,3565.35,Cusco
1023,2024-10-28,3403,Jeans,Ropa,2,171.65,343.3,Chiclayo
1024,2024-04-21,4046,Monitor,Electrónica,6,322.18,1933.08,Chiclayo
1025,2024-12-26,2942,Balón,Deportes,2,148.37,296.74,Arequipa
1026,2024-05-07,2498,Laptop,Electrónica,3,339.89,1019.67,Arequipa
1027,2024-12-16,8082,Cocina,Hogar,6,477.76,2866.56,Cusco
1028,2025-03-31,5901,Mesa,Hogar,1,729.24,729.24,Chiclayo
1029,2024-10-07,3220,Tablet,Electrónica,1,294.02,294.02,Trujillo
1030,2024-06-07,6954,Auriculares,Electrónica,7,976.37,6834.59,Lima
1031,2024-10-26,2429,Auto a control,Juguetes,7,56.11,392.77,Piura
1032,2024-12-20,4367,Casaca,Ropa,3,163.94,491.82,Trujillo
1033,2024-11-11,9801,Muñeca,Juguetes,7,612.55,4287.85,Trujillo
1034,2024-09-08,9287,Smartphone,Electrónica,8,821.78,6574.24,Trujillo
1035,2024-07-14,2351,Jeans,Ropa,8,78.23,625.84,Trujillo
1036,2025-02-22,5667,Raqueta,Deportes,8,502.18,4017.44,Arequipa
1037,2024-04-26,7225,Mesa,Hogar,5,561.86,2809.3,Lima
1038,2024-09-18,1474,Rompecabezas,Juguetes,8,537.85,4302.8,Piura
1039,2025-03-05,4820,Bicicleta,Deportes,4,506.47,2025.88,Cusco
1040,2025-02-23,6014,Silla,Hogar,2,583.34,1166.68,Arequipa
1041,2024-10-12,8614,Mesa,Hogar,1,962.0,962.0,Cusco
1042,2024-09-21,3919,Rodilleras,Deportes,6,213.79,1282.74,Cusco
1043,2024-10-21,7530,Zapatillas,Ropa,3,265.46,796.38,Lima
1044,2025-04-17,4406,Monitor,Electrónica,5,82.39,411.95,Cusco
1045,2024-06-21,4012,Auriculares,Electrónica,1,499.96,499.96,Cusco
1046,2024-12-24,7033,Jeans,Ropa,6,50.98,305.88,Piura
1047,2024-05-23,7431,Smartphone,Electrónica,2,265.53,531.06,Trujillo
1048,2024-10-07,6882,Auriculares,Electrónica,4,946.48,3785.92,Lima
1049,2024-05-16,8461,Smartphone,Electrónica,6,689.02,4134.12,Piura
1050,2024-12-04,4324,Tablet,Electrónica,6,475.66,2853.96,Piura
1051,2024-09-20,1881,Silla,Hogar,7,920.89,6446.23,Cusco
1052,2024-10-11,3028,Refrigeradora,Hogar,3,680.85,2042.55,Piura
1053,2024-07-28,7119,Silla,Hogar,1,452.98,452.98,Trujillo
1054,2024-12-21,5595,Raqueta,Deportes,2,156.27,312.54,Chiclayo
1055,2025-03-20,1850,Casaca,Ropa,7,519.13,3633.91,Chiclayo
1056,2024-09-24,4637,Tablet,Electrónica,8,723.58,5788.64,Piura
1057,2024-10-10,5997,Refrigeradora,Hogar,6,182.69,1096.14,Trujillo
1058,2024-09-04,2231,Mesa,Hogar,2,80.47,160.94,Chiclayo
1059,2024-11-06,2740,Mesa,Hogar,3,733.96,2201.88,Arequipa
1060,2025-01-24,6893,Refrigeradora,Hogar,4,88.82,355.28,Chiclayo
1061,2024-07-01,1094,Polo,Ropa,1,470.69,470.69,Piura
1062,2025-02-11,3886,Ventilador,Hogar,7,497.21,3480.47,Lima
1063,2024-05-05,2405,Rompecabezas,Juguetes,4,554.95,2219.8,Piura
1064,2025-03-25,9204,Bicicleta,Deportes,4,344.13,1376.52,Piura
1065,2025-03-16,1998,Muñeca,Juguetes,3,501.27,1503.81,Arequipa
1066,2025-04-18,5334,Rompecabezas,Juguetes,5,710.45,3552.25,Cusco
1067,2024-09-25,7772,Casaca,Ropa,4,901.49,3605.96,Lima
1068,2025-01-25,8912,Tablet,Electrónica,7,393.35,2753.45,Lima
1069,2024-09-24,9492,Chompa,Ropa,8,893.48,7147.84,Piura
1070,2024-06-17,6337,Polo,Ropa,4,434.78,1739.12,Chiclayo
1071,2024-10-23,9602,Cocina,Hogar,2,584.72,1169.44,Cusco
1072,2025-02-18,8475,Casaca,Ropa,2,454.14,908.28,Piura
1073,2024-11-13,1772,Laptop,Electrónica,7,540.9,3786.3,Trujillo
1074,2024-09-25,9447,Tablet,Electrónica,6,196.15,1176.9,Trujillo
1075,2025-02-16,1961,Balón,Deportes,3,345.52,1036.56,Trujillo
1076,2025-04-03,9523,Ventilador,Hogar,1,236.34,236.34,Piura
1077,2025-04-13,6573,Peluche,Juguetes,5,153.38,766.9,Trujillo
1078,2025-04-06,8588,Auto a control,Juguetes,2,355.35,710.7,Cusco
1079,2025-02-25,3593,Laptop,Electrónica,5,419.34,2096.7,Arequipa
1080,2024-08-13,4417,Chompa,Ropa,6,590.38,3542.28,Trujillo
1081,2024-07-19,6500,Bicicleta,Deportes,5,268.95,1344.75,Chiclayo
1082,2024-09-27,1891,Lego,Juguetes,3,513.5,1540.5,Cusco
1083,2024-09-21,2491,Laptop,Electrónica,6,90.35,542.1,Trujillo
1084,2024-10-02,9179,Tablet,Electrónica,2,326.86,653.72,Trujillo
1085,2024-05-13,3903,Silla,Hogar,8,794.52,6356.16,Chiclayo
1086,2024-05-07,3997,Lego,Juguetes,4,953.33,3813.32,Cusco
1087,2025-01-24,9972,Raqueta,Deportes,2,183.74,367.48,Cusco
1088,2025-01-18,6468,Chompa,Ropa,8,417.26,3338.08,Trujillo
1089,2024-06-05,5260,Balón,Deportes,5,947.63,4738.15,Piura
1090,2024-12-06,4343,Balón,Deportes,2,626.17,1252.34,Trujillo
1091,2025-02-11,9082,Smartphone,Electrónica,8,394.98,3159.84,Lima
1092,2024-06-03,1670,Silla,Hogar,1,504.87,504.87,Chiclayo
1093,2025-04-02,8144,Monitor,Electrónica,7,724.77,5073.39,Chiclayo
1094,2025-03-27,4563,Chompa,Ropa,5,201.0,1005.0,Cusco
1095,2024-07-08,3121,Balón,Deportes,3,640.01,1920.03,Trujillo
1096,2025-01-27,4481,Zapatillas,Ropa,2,997.84,1995.68,Arequipa
1097,2024-08-09,9974,Balón,Deportes,5,364.18,1820.9,Trujillo
1098,2024-10-19,1004,Balón,Deportes,6,605.45,3632.7,Piura
1099,2024-11-08,4463,Tablet,Electrónica,7,264.98,1854.86,Trujillo
1100,2024-12-24,4457,Auriculares,Electrónica,6,958.65,5751.9,Arequipa
1101,2025-01-16,3399,Raqueta,Deportes,4,399.62,1598.48,Lima
1102,2025-01-11,9591,Ventilador,Hogar,4,643.16,2572.64,Chiclayo
1103,2025-01-14,9204,Cocina,Hogar,5,140.15,700.75,Lima
1104,2024-12-16,9949,Casaca,Ropa,3,474.96,1424.88,Chiclayo
1105,2024-08-03,5718,Casaca,Ropa,1,332.43,332.43,Cusco
1106,2025-02-09,5057,Laptop,Electrónica,6,464.24,2785.44,Cusco
1107,2025-02-03,2153,Cocina,Hogar,3,503.04,1509.12,Piura
1108,2025-02-05,6614,Silla,Hogar,1,213.85,213.85,Chiclayo
1109,2024-11-19,6072,Silla,Hogar,4,745.69,2982.76,Trujillo
1110,2024-11-08,4689,Rompecabezas,Juguetes,3,487.48,1462.44,Piura
1111,2024-11-24,9047,Auriculares,Electrónica,3,372.46,1117.38,Chiclayo
1112,2024-12-24,9166,Cocina,Hogar,1,686.2,686.2,Cusco
1113,2025-01-08,6620,Cocina,Hogar,4,244.14,976.56,Trujillo
1114,2024-07-21,9822,Monitor,Electrónica,5,812.32,4061.6,Lima
1115,2024-08-14,8512,Smartphone,Electrónica,7,356.77,2497.39,Trujillo
1116,2024-06-01,3490,Auriculares,Electrónica,7,452.57,3167.99,Lima
1117,2024-10-13,5415,Muñeca,Juguetes,8,214.8,1718.4,Trujillo
1118,2024-10-12,5290,Zapatillas,Ropa,4,368.98,1475.92,Trujillo
1119,2025-03-11,3018,Auto a control,Juguetes,4,912.46,3649.84,Trujillo
1120,2024-06-18,1480,Auriculares,Electrónica,5,690.4,3452.0,Arequipa
1121,2024-08-02,7551,Polo,Ropa,2,325.79,651.58,Trujillo
1122,2024-10-02,1035,Monitor,Electrónica,4,644.52,2578.08,Chiclayo
1123,2025-01-17,4366,Auriculares,Electrónica,2,634.41,1268.82,Lima
1124,2025-04-02,5750,Cocina,Hogar,1,766.71,766.71,Lima
1125,2024-11-12,5908,Lego,Juguetes,5,681.55,3407.75,Arequipa
1126,2025-04-15,5741,Balón,Deportes,5,924.71,4623.55,Piura
1127,2024-12-14,4084,Rompecabezas,Juguetes,3,696.77,2090.31,Lima
1128,2024-04-29,9468,Bicicleta,Deportes,2,163.76,327.52,Chiclayo
1129,2024-08-06,8960,Monitor,Electrónica,7,781.92,5473.44,Piura
1130,2025-01-18,8838,Laptop,Electrónica,1,823.25,823.25,Trujillo
1131,2024-05-15,5295,Silla,Hogar,5,198.05,990.25,Trujillo
1132,2024-05-01,5162,Mesa,Hogar,8,800.9,6407.2,Chiclayo
1133,2025-04-03,3115,Cocina,Hogar,1,620.26,620.26,Trujillo
1134,2025-01-18,4257,Jeans,Ropa,3,735.08,2205.24,Piura
1135,2024-12-26,7349,Silla,Hogar,3,271.46,814.38,Cusco
1136,2025-03-05,1240,Tablet,Electrónica,7,72.91,510.37,Piura
1137,2024-06-10,5082,Ventilador,Hogar,3,189.97,569.91,Chiclayo
1138,2024-10-02,4739,Casaca,Ropa,5,768.11,3840.55,Piura
1139,2025-04-07,1610,Balón,Deportes,4,238.7,954.8,Trujillo
1140,2024-08-25,8757,Raqueta,Deportes,1,538.23,538.23,Arequipa
1141,2024-09-14,2920,Bicicleta,Deportes,1,618.99,618.99,Piura
1142,2025-03-13,4082,Laptop,Electrónica,4,581.93,2327.72,Arequipa
1143,2024-11-01,2632,Raqueta,Deportes,1,347.41,347.41,Cusco
1144,2025-02-04,3111,Cocina,Hogar,8,284.57,2276.56,Piura
1145,2025-01-24,7802,Smartphone,Electrónica,3,316.7,950.1,Trujillo
1146,2024-08-18,3349,Jeans,Ropa,3,318.46,955.38,Cusco
1147,2025-01-07,6016,Peluche,Juguetes,8,525.86,4206.88,Piura
1148,2024-04-26,9144,Refrigeradora,Hogar,1,943.3,943.3,Piura
1149,2024-11-03,8128,Zapatillas,Ropa,6,906.37,5438.22,Piura
1150,2025-02-20,6700,Raqueta,Deportes,5,909.89,4549.45,Arequipa
1151,2025-04-06,3315,Monitor,Electrónica,8,514.76,4118.08,Trujillo
1152,2024-09-16,8613,Raqueta,Deportes,1,311.69,311.69,Trujillo
1153,2024-12-30,4726,Smartphone,Electrónica,4,540.2,2160.8,Trujillo
1154,2024-08-11,5176,Silla,Hogar,2,968.16,1936.32,Cusco
1155,2024-10-25,2988,Silla,Hogar,4,161.19,644.76,Arequipa
1156,2024-12-08,4782,Chompa,Ropa,1,697.73,697.73,Piura
1157,2024-07-03,3322,Tablet,Electrónica,4,174.69,698.76,Chiclayo
1158,2025-04-01,8871,Refrigeradora,Hogar,3,722.47,2167.41,Trujillo
1159,2025-02-04,6449,Rodilleras,Deportes,5,761.77,3808.85,Lima
1160,2024-09-30,6259,Balón,Deportes,8,241.01,1928.08,Arequipa
1161,2025-03-30,4017,Silla,Hogar,8,376.12,3008.96,Lima
1162,2025-01-19,7404,Auto a control,Juguetes,3,76.08,228.24,Arequipa
1163,2025-02-26,3035,Bicicleta,Deportes,2,584.11,1168.22,Cusco
1164,2024-05-19,5202,Lego,Juguetes,8,50.98,407.84,Piura
1165,2025-01-15,5214,Auriculares,Electrónica,6,384.82,2308.92,Chiclayo
1166,2025-01-21,7815,Rompecabezas,Juguetes,2,337.21,674.42,Lima
1167,2024-06-18,7706,Bicicleta,Deportes,5,322.11,1610.55,Cusco
1168,2024-08-22,4059,Bicicleta,Deportes,8,300.09,2400.72,Arequipa
1169,2024-09-23,3976,Refrigeradora,Hogar,6,933.62,5601.72,Lima
1170,2025-03-24,8171,Refrigeradora,Hogar,5,689.64,3448.2,Cusco
1171,2025-01-31,5498,Refrigeradora,Hogar,2,846.05,1692.1,Cusco
1172,2024-08-22,8387,Lego,Juguetes,1,77.68,77.68,Lima
1173,2024-08-29,1800,Auto a control,Juguetes,4,113.91,455.64,Trujillo
1174,2024-07-13,8086,Polo,Ropa,1,365.78,365.78,Cusco
1175,2024-11-13,8799,Peluche,Juguetes,6,931.66,5589.96,Piura
1176,2024-10-05,3925,Monitor,Electrónica,7,197.66,1383.62,Cusco
1177,2025-03-15,3655,Ventilador,Hogar,4,320.99,1283.96,Cusco
1178,2024-10-24,6550,Lego,Juguetes,4,421.5,1686.0,Chiclayo
1179,2025-01-31,9254,Chompa,Ropa,3,181.44,544.32,Lima
1180,2025-02-09,4217,Auto a control,Juguetes,4,556.0,2224.0,Cusco
1181,2025-02-11,9561,Bicicleta,Deportes,3,807.12,2421.36,Chiclayo
1182,2024-04-21,4538,Casaca,Ropa,4,578.22,2312.88,Piura
1183,2024-04-26,4883,Zapatillas,Ropa,1,347.44,347.44,Cusco
1184,2024-06-29,3899,Rompecabezas,Juguetes,2,981.33,1962.66,Chiclayo
1185,2024-11-26,8506,Mesa,Hogar,4,454.19,1816.76,Piura
1186,2024-09-26,6369,Smartphone,Electrónica,5,548.27,2741.35,Trujillo
1187,2024-10-10,7202,Mesa,Hogar,5,156.15,780.75,Cusco
1188,2025-01-05,8987,Rodilleras,Deportes,7,214.76,1503.32,Lima
1189,2024-08-26,9181,Rompecabezas,Juguetes,3,634.42,1903.26,Piura
1190,2025-02-24,1829,Polo,Ropa,2,958.39,1916.78,Piura
1191,2024-06-22,9814,Cocina,Hogar,1,76.37,76.37,Lima
1192,2025-03-01,9064,Peluche,Juguetes,2,347.67,695.34,Trujillo
1193,2024-12-16,2849,Lego,Juguetes,7,787.07,5509.49,Arequipa
1194,2024-11-25,3637,Silla,Hogar,4,536.1,2144.4,Arequipa
1195,2024-07-21,7287,Muñeca,Juguetes,6,261.86,1571.16,Piura
1196,2024-08-14,3414,Casaca,Ropa,1,667.78,667.78,Arequipa
1197,2024-09-17,2980,Mesa,Hogar,5,102.78,513.9,Trujillo
1198,2024-05-02,7889,Polo,Ropa,1,881.38,881.38,Lima
1199,2024-05-15,5900,Silla,Hogar,4,778.68,3114.72,Piura
1200,2024-09-04,9702,Mesa,Hogar,6,138.35,830.1,Cusco
1201,2024-08-22,4559,Silla,Hogar,5,444.43,2222.15,Lima
1202,2024-04-29,6363,Rompecabezas,Juguetes,8,885.44,7083.52,Lima
1203,2024-11-21,9314,Chompa,Ropa,6,511.51,3069.06,Chiclayo
1204,2024-07-15,8833,Lego,Juguetes,5,958.21,4791.05,Piura
1205,2024-10-03,2447,Jeans,Ropa,8,183.79,1470.32,Arequipa
1206,2024-07-09,4513,Chompa,Ropa,7,138.02,966.14,Arequipa
1207,2025-01-16,6140,Jeans,Ropa,1,670.53,670.53,Lima
1208,2024-10-09,5532,Raqueta,Deportes,8,467.21,3737.68,Trujillo
1209,2024-06-13,9350,Peluche,Juguetes,6,984.31,5905.86,Cusco
1210,2025-03-16,1143,Smartphone,Electrónica,6,510.21,3061.26,Lima
1211,2024-09-21,4604,Laptop,Electrónica,2,687.01,1374.02,Cusco
1212,2024-10-16,1372,Auto a control,Juguetes,2,463.16,926.32,Arequipa
1213,2024-12-01,7206,Pesas,Deportes,2,552.89,1105.78,Arequipa
1214,2024-06-06,4767,Lego,Juguetes,6,223.12,1338.72,Lima
1215,2024-12-01,3105,Silla,Hogar,8,112.65,901.2,Lima
1216,2024-07-23,8086,Refrigeradora,Hogar,3,255.76,767.28,Chiclayo
1217,2025-02-07,3509,Cocina,Hogar,6,587.78,3526.68,Piura
1218,2024-12-18,2624,Silla,Hogar,1,70.52,70.52,Lima
1219,2024-09-01,2674,Pesas,Deportes,5,171.27,856.35,Trujillo
1220,2024-07-03,1255,Rodilleras,Deportes,2,735.17,1470.34,Lima
1221,2024-12-19,2461,Rodilleras,Deportes,6,311.95,1871.7,Piura
1222,2024-07-07,8444,Ventilador,Hogar,8,683.04,5464.32,Trujillo
1223,2025-02-05,3731,Auto a control,Juguetes,4,701.24,2804.96,Lima
1224,2025-02-18,8649,Monitor,Electrónica,1,732.0,732.0,Cusco
1225,2025-03-29,1439,Raqueta,Deportes,6,545.64,3273.84,Arequipa
1226,2025-02-17,9011,Mesa,Hogar,8,532.22,4257.76,Chiclayo
1227,2024-07-27,4356,Auriculares,Electrónica,8,158.82,1270.56,Lima
1228,2024-09-22,9865,Polo,Ropa,2,661.28,1322.56,Trujillo
1229,2024-05-11,9728,Monitor,Electrónica,3,139.29,417.87,Piura
1230,2024-12-10,7919,Silla,Hogar,1,204.86,204.86,Arequipa
1231,2025-02-23,4361,Raqueta,Deportes,8,974.13,7793.04,Trujillo
1232,2024-07-03,2360,Cocina,Hogar,3,816.44,2449.32,Arequipa
1233,2024-11-14,7892,Monitor,Electrónica,7,489.12,3423.84,Arequipa
1234,2024-07-25,8599,Monitor,Electrónica,5,772.46,3862.3,Arequipa
1235,2024-08-29,5092,Rompecabezas,Juguetes,7,969.7,6787.9,Chiclayo
1236,2024-06-15,5098,Chompa,Ropa,6,836.41,5018.46,Piura
1237,2024-08-24,8227,Smartphone,Electrónica,4,370.81,1483.24,Piura
1238,2024-12-12,9658,Jeans,Ropa,4,712.57,2850.28,Chiclayo
1239,2024-08-13,4224,Polo,Ropa,3,693.51,2080.53,Chiclayo
1240,2024-07-19,4832,Smartphone,Electrónica,3,362.94,1088.82,Chiclayo
1241,2024-08-08,4732,Mesa,Hogar,8,997.93,7983.44,Lima
1242,2024-10-18,6874,Pesas,Deportes,3,285.99,857.97,Cusco
1243,2025-04-13,6510,Peluche,Juguetes,5,488.42,2442.1,Cusco
1244,2024-10-07,1223,Rompecabezas,Juguetes,8,801.61,6412.88,Chiclayo
1245,2025-02-28,5632,Raqueta,Deportes,2,576.82,1153.64,Piura
1246,2024-09-28,4212,Lego,Juguetes,2,428.13,856.26,Cusco
1247,2024-09-01,6722,Silla,Hogar,3,716.38,2149.14,Piura
1248,2024-06-02,4327,Tablet,Electrónica,4,433.64,1734.56,Chiclayo
1249,2025-04-15,2753,Mesa,Hogar,7,406.48,2845.36,Lima
1250,2025-03-27,5449,Ventilador,Hogar,7,416.0,2912.0,Piura
1251,2024-06-15,5318,Refrigeradora,Hogar,5,191.06,955.3,Arequipa
1252,2024-07-24,3974,Laptop,Electrónica,5,110.11,550.55,Lima
1253,2024-12-25,7456,Pesas,Deportes,8,274.78,2198.24,Chiclayo
1254,2024-07-27,1616,Monitor,Electrónica,4,444.7,1778.8,Piura
1255,2025-01-24,9747,Refrigeradora,Hogar,5,913.74,4568.7,Trujillo
1256,2025-01-15,4527,Lego,Juguetes,4,296.93,1187.72,Lima
1257,2025-03-28,8393,Refrigeradora,Hogar,1,636.35,636.35,Trujillo
1258,2024-04-30,8538,Auto a control,Juguetes,5,68.81,344.05,Chiclayo
1259,2024-07-27,6698,Lego,Juguetes,5,889.14,4445.7,Lima
1260,2024-09-10,2500,Polo,Ropa,8,95.61,764.88,Arequipa
1261,2024-10-04,7027,Monitor,Electrónica,2,587.15,1174.3,Trujillo
1262,2025-02-23,1061,Auto a control,Juguetes,6,233.04,1398.24,Piura
1263,2024-08-29,5206,Silla,Hogar,6,846.7,5080.2,Lima
1264,2024-09-15,3908,Auto a control,Juguetes,8,587.18,4697.44,Trujillo
1265,2024-06-21,7653,Muñeca,Juguetes,7,831.96,5823.72,Chiclayo
1266,2025-03-11,6808,Refrigeradora,Hogar,4,358.44,1433.76,Arequipa
1267,2024-08-01,3494,Tablet,Electrónica,5,560.88,2804.4,Lima
1268,2024-12-10,7762,Ventilador,Hogar,8,931.86,7454.88,Trujillo
1269,2025-03-30,7878,Rompecabezas,Juguetes,4,93.92,375.68,Piura
1270,2024-09-10,2522,Balón,Deportes,6,720.31,4321.86,Cusco
1271,2024-09-15,8363,Refrigeradora,Hogar,4,946.23,3784.92,Lima
1272,2024-05-08,5744,Lego,Juguetes,1,825.66,825.66,Cusco
1273,2025-03-07,2922,Bicicleta,Deportes,6,941.36,5648.16,Trujillo
1274,2024-12-14,4214,Auriculares,Electrónica,4,764.74,3058.96,Cusco
1275,2025-01-09,8553,Balón,Deportes,3,571.56,1714.68,Cusco
1276,2024-08-15,6617,Casaca,Ropa,8,863.73,6909.84,Lima
1277,2024-07-02,5527,Ventilador,Hogar,7,564.73,3953.11,Arequipa
1278,2024-07-26,3931,Chompa,Ropa,2,687.69,1375.38,Chiclayo
1279,2025-01-25,3487,Laptop,Electrónica,2,390.57,781.14,Trujillo
1280,2024-06-12,7380,Rodilleras,Deportes,6,499.16,2994.96,Lima
1281,2025-01-13,3969,Rodilleras,Deportes,3,209.27,627.81,Arequipa
1282,2024-05-15,4380,Chompa,Ropa,4,716.57,2866.28,Piura
1283,2024-08-05,7798,Refrigeradora,Hogar,2,86.75,173.5,Piura
1284,2024-05-24,7397,Mesa,Hogar,1,987.84,987.84,Arequipa
1285,2024-05-16,1541,Casaca,Ropa,7,937.48,6562.36,Chiclayo
1286,2024-12-28,4406,Smartphone,Electrónica,2,803.0,1606.0,Trujillo
1287,2025-02-20,4279,Smartphone,Electrónica,7,714.03,4998.21,Lima
1288,2025-01-23,5425,Silla,Hogar,4,824.36,3297.44,Arequipa
1289,2024-10-06,5725,Muñeca,Juguetes,6,487.1,2922.6,Cusco
1290,2025-03-05,9627,Laptop,Electrónica,8,857.44,6859.52,Lima
1291,2024-04-23,9810,Zapatillas,Ropa,1,328.1,328.1,Lima
1292,2024-09-19,5944,Smartphone,Electrónica,6,445.73,2674.38,Arequipa
1293,2025-03-22,3100,Cocina,Hogar,4,731.26,2925.04,Arequipa
1294,2024-04-30,6140,Auriculares,Electrónica,5,246.71,1233.55,Piura
1295,2024-05-19,6408,Zapatillas,Ropa,6,224.26,1345.56,Lima
1296,2025-04-01,7677,Tablet,Electrónica,8,72.09,576.72,Arequipa
1297,2024-10-21,4073,Laptop,Electrónica,6,888.35,5330.1,Arequipa
1298,2024-04-28,4018,Zapatillas,Ropa,4,754.27,3017.08,Arequipa
1299,2024-09-20,2937,Silla,Hogar,3,55.8,167.4,Arequipa
1300,2024-11-08,2068,Raqueta,Deportes,3,531.56,1594.68,Arequipa
1301,2024-06-22,3468,Refrigeradora,Hogar,4,625.29,2501.16,Trujillo
1302,2024-09-11,3483,Cocina,Hogar,2,493.46,986.92,Cusco
1303,2025-01-25,6250,Chompa,Ropa,1,388.4,388.4,Trujillo
1304,2025-03-24,1127,Silla,Hogar,6,264.62,1587.72,Piura
1305,2024-12-12,2020,Tablet,Electrónica,1,167.98,167.98,Arequipa
1306,2025-02-10,9318,Zapatillas,Ropa,6,115.17,691.02,Chiclayo
1307,2025-02-02,2222,Zapatillas,Ropa,2,155.12,310.24,Arequipa
1308,2025-03-07,8742,Raqueta,Deportes,5,493.09,2465.45,Cusco
1309,2025-02-14,3018,Laptop,Electrónica,4,357.82,1431.28,Arequipa
1310,2024-07-03,8231,Laptop,Electrónica,6,478.25,2869.5,Piura
1311,2024-10-03,5139,Laptop,Electrónica,4,96.13,384.52,Cusco
1312,2025-03-21,7097,Casaca,Ropa,8,54.15,433.2,Trujillo
1313,2024-08-19,1800,Pesas,Deportes,8,675.52,5404.16,Trujillo
1314,2024-12-24,8696,Auto a control,Juguetes,6,370.14,2220.84,Trujillo
1315,2024-12-15,2596,Monitor,Electrónica,8,971.98,7775.84,Piura
1316,2025-03-08,2435,Lego,Juguetes,2,508.05,1016.1,Trujillo
1317,2025-03-28,9251,Monitor,Electrónica,3,185.94,557.82,Chiclayo
1318,2024-11-28,7556,Refrigeradora,Hogar,3,906.89,2720.67,Lima
1319,2024-08-01,2503,Smartphone,Electrónica,3,821.8,2465.4,Trujillo
1320,2025-04-13,9763,Mesa,Hogar,5,94.4,472.0,Arequipa
1321,2024-06-24,7659,Auriculares,Electrónica,2,496.25,992.5,Trujillo
1322,2025-03-27,4968,Peluche,Juguetes,1,404.3,404.3,Chiclayo
1323,2024-10-31,1962,Casaca,Ropa,4,463.27,1853.08,Arequipa
1324,2024-10-06,1046,Monitor,Electrónica,4,469.22,1876.88,Arequipa
1325,2025-01-01,9646,Refrigeradora,Hogar,2,281.87,563.74,Trujillo
1326,2025-03-24,9722,Zapatillas,Ropa,5,411.19,2055.95,Piura
1327,2024-06-21,2204,Balón,Deportes,2,893.23,1786.46,Arequipa
1328,2024-08-02,9103,Raqueta,Deportes,5,386.06,1930.3,Trujillo
1329,2024-07-06,8304,Refrigeradora,Hogar,6,117.42,704.52,Trujillo
1330,2024-08-01,2564,Muñeca,Juguetes,3,871.96,2615.88,Lima
1331,2025-03-24,3137,Cocina,Hogar,2,160.92,321.84,Chiclayo
1332,2025-01-27,7814,Casaca,Ropa,4,784.31,3137.24,Trujillo
1333,2025-02-06,8731,Zapatillas,Ropa,8,320.81,2566.48,Cusco
1334,2024-07-28,3872,Muñeca,Juguetes,8,433.26,3466.08,Cusco
1335,2025-01-30,2434,Chompa,Ropa,1,829.87,829.87,Arequipa
1336,2025-01-02,3394,Pesas,Deportes,1,92.03,92.03,Arequipa
1337,2024-10-19,3960,Cocina,Hogar,5,51.61,258.05,Chiclayo
1338,2024-06-09,3805,Tablet,Electrónica,4,508.63,2034.52,Arequipa
1339,2024-09-03,1277,Rodilleras,Deportes,1,828.6,828.6,Trujillo
1340,2024-05-28,4510,Mesa,Hogar,8,791.11,6328.88,Trujillo
1341,2024-07-14,7670,Jeans,Ropa,1,80.32,80.32,Lima
1342,2024-06-15,5856,Zapatillas,Ropa,2,932.46,1864.92,Cusco
1343,2025-04-05,7873,Peluche,Juguetes,4,387.77,1551.08,Chiclayo
1344,2025-03-23,2065,Ventilador,Hogar,5,435.16,2175.8,Lima
1345,2024-06-24,1894,Muñeca,Juguetes,7,995.66,6969.62,Trujillo
1346,2024-09-27,2352,Peluche,Juguetes,6,694.82,4168.92,Cusco
1347,2025-01-24,5121,Muñeca,Juguetes,4,493.96,1975.84,Piura
1348,2024-06-22,9933,Lego,Juguetes,6,612.94,3677.64,Arequipa
1349,2024-05-18,5718,Auto a control,Juguetes,7,372.34,2606.38,Cusco
1350,2024-10-22,1628,Polo,Ropa,7,356.28,2493.96,Trujillo
1351,2025-03-05,7607,Pesas,Deportes,7,80.95,566.65,Trujillo
1352,2025-04-21,2388,Tablet,Electrónica,3,495.51,1486.53,Arequipa
1353,2024-12-11,6746,Silla,Hogar,7,905.63,6339.41,Cusco
1354,2025-04-07,5910,Muñeca,Juguetes,2,713.02,1426.04,Piura
1355,2024-08-28,7662,Bicicleta,Deportes,5,964.28,4821.4,Arequipa
1356,2024-05-19,5631,Bicicleta,Deportes,3,812.05,2436.15,Trujillo
1357,2024-09-30,7007,Pesas,Deportes,2,622.49,1244.98,Arequipa
1358,2025-03-11,4472,Smartphone,Electrónica,1,748.74,748.74,Trujillo
1359,2025-02-09,5850,Auriculares,Electrónica,6,645.28,3871.68,Chiclayo
1360,2024-07-19,7798,Lego,Juguetes,4,452.73,1810.92,Piura
1361,2025-01-03,6653,Casaca,Ropa,3,434.41,1303.23,Lima
1362,2025-01-23,9718,Laptop,Electrónica,7,85.85,600.95,Trujillo
1363,2024-05-19,2755,Refrigeradora,Hogar,2,701.84,1403.68,Piura
1364,2024-09-24,1964,Lego,Juguetes,6,389.4,2336.4,Piura
1365,2025-04-05,6270,Raqueta,Deportes,7,235.85,1650.95,Piura
1366,2025-04-11,9780,Lego,Juguetes,5,164.8,824.0,Chiclayo
1367,2024-07-03,1163,Rodilleras,Deportes,3,770.34,2311.02,Chiclayo
1368,2025-02-06,5798,Ventilador,Hogar,7,523.34,3663.38,Cusco
1369,2025-03-16,3939,Silla,Hogar,7,121.67,851.69,Cusco
1370,2025-01-06,2190,Muñeca,Juguetes,7,752.57,5267.99,Trujillo
1371,2024-06-18,2846,Casaca,Ropa,5,979.99,4899.95,Lima
1372,2025-03-07,2607,Balón,Deportes,6,167.14,1002.84,Lima
1373,2025-01-09,8930,Rompecabezas,Juguetes,2,324.81,649.62,Chiclayo
1374,2024-10-14,5009,Peluche,Juguetes,8,593.26,4746.08,Lima
1375,2024-12-31,7104,Casaca,Ropa,8,748.94,5991.52,Chiclayo
1376,2024-07-23,4841,Ventilador,Hogar,4,524.37,2097.48,Lima
1377,2024-11-09,8751,Laptop,Electrónica,2,87.45,174.9,Piura
1378,2024-09-30,9825,Peluche,Juguetes,5,294.18,1470.9,Chiclayo
1379,2024-05-27,2252,Tablet,Electrónica,3,802.54,2407.62,Chiclayo
1380,2025-02-17,1995,Jeans,Ropa,2,268.77,537.54,Arequipa
1381,2024-08-27,1028,Smartphone,Electrónica,8,387.31,3098.48,Arequipa
1382,2024-09-23,7967,Auto a control,Juguetes,3,53.32,159.96,Cusco
1383,2024-06-27,9747,Laptop,Electrónica,5,775.31,3876.55,Piura
1384,2024-09-22,1410,Peluche,Juguetes,2,943.71,1887.42,Arequipa
1385,2024-04-28,2644,Ventilador,Hogar,4,538.21,2152.84,Lima
1386,2025-03-04,9709,Jeans,Ropa,5,157.28,786.4,Chiclayo
1387,2024-09-02,6809,Casaca,Ropa,7,205.54,1438.78,Piura
1388,2025-03-05,2691,Rodilleras,Deportes,5,374.66,1873.3,Cusco
1389,2025-03-31,9721,Laptop,Electrónica,2,933.99,1867.98,Trujillo
1390,2024-05-01,1799,Casaca,Ropa,5,741.28,3706.4,Chiclayo
1391,2025-01-25,3915,Smartphone,Electrónica,2,503.33,1006.66,Cusco
1392,2024-11-21,7774,Smartphone,Electrónica,5,473.63,2368.15,Piura
1393,2024-04-24,6757,Rodilleras,Deportes,4,510.31,2041.24,Arequipa
1394,2024-05-22,7525,Chompa,Ropa,4,410.89,1643.56,Lima
1395,2025-02-08,3484,Jeans,Ropa,4,671.89,2687.56,Trujillo
1396,2024-09-09,6123,Rompecabezas,Juguetes,4,126.74,506.96,Piura
1397,2025-01-16,4236,Raqueta,Deportes,8,293.82,2350.56,Lima
1398,2024-12-13,4730,Ventilador,Hogar,1,423.13,423.13,Trujillo
1399,2024-05-12,6592,Raqueta,Deportes,1,138.23,138.23,Chiclayo
1400,2025-01-28,8722,Monitor,Electrónica,2,183.33,366.66,Cusco
1401,2024-12-12,5606,Rompecabezas,Juguetes,6,709.71,4258.26,Lima
1402,2024-06-25,8678,Polo,Ropa,1,51.14,51.14,Cusco
1403,2024-05-30,3572,Polo,Ropa,6,827.51,4965.06,Cusco
1404,2024-12-12,1292,Mesa,Hogar,7,74.93,524.51,Chiclayo
1405,2024-09-14,8975,Casaca,Ropa,4,859.36,3437.44,Cusco
1406,2024-10-25,8957,Balón,Deportes,7,749.75,5248.25,Trujillo
1407,2024-12-19,6494,Monitor,Electrónica,6,260.17,1561.02,Trujillo
1408,2024-06-16,4884,Mesa,Hogar,5,101.66,508.3,Trujillo
1409,2024-11-09,6856,Muñeca,Juguetes,7,148.08,1036.56,Lima
1410,2024-09-20,6128,Pesas,Deportes,5,643.38,3216.9,Trujillo
1411,2024-07-27,3272,Refrigeradora,Hogar,8,951.99,7615.92,Lima
1412,2024-08-14,7974,Muñeca,Juguetes,1,116.83,116.83,Chiclayo
1413,2025-01-21,9237,Rompecabezas,Juguetes,7,522.19,3655.33,Cusco
1414,2024-11-06,6933,Rodilleras,Deportes,2,720.63,1441.26,Piura
1415,2024-07-09,2281,Raqueta,Deportes,5,759.3,3796.5,Chiclayo
1416,2024-06-01,2935,Auto a control,Juguetes,8,819.56,6556.48,Arequipa
1417,2024-07-24,1578,Ventilador,Hogar,5,686.22,3431.1,Cusco
1418,2024-05-17,1672,Auto a control,Juguetes,2,288.84,577.68,Lima
1419,2025-02-10,1422,Monitor,Electrónica,2,586.6,1173.2,Trujillo
1420,2024-07-07,3376,Silla,Hogar,3,273.1,819.3,Trujillo
1421,2024-09-09,1273,Cocina,Hogar,8,482.6,3860.8,Arequipa
1422,2024-08-08,6558,Silla,Hogar,2,362.27,724.54,Cusco
1423,2024-06-01,1733,Silla,Hogar,3,978.72,2936.16,Trujillo
1424,2024-05-25,6705,Zapatillas,Ropa,4,186.88,747.52,Lima
1425,2025-02-14,5520,Cocina,Hogar,7,994.73,6963.11,Arequipa
1426,2024-08-19,9381,Smartphone,Electrónica,2,287.39,574.78,Trujillo
1427,2025-01-19,1833,Tablet,Electrónica,4,545.95,2183.8,Cusco
1428,2025-04-19,2368,Mesa,Hogar,3,121.16,363.48,Piura
1429,2024-08-04,6949,Laptop,Electrónica,6,267.14,1602.84,Piura
1430,2024-12-11,4988,Tablet,Electrónica,5,378.51,1892.55,Trujillo
1431,2024-07-16,8044,Tablet,Electrónica,2,319.76,639.52,Cusco
1432,2024-05-04,8963,Rompecabezas,Juguetes,5,271.61,1358.05,Arequipa
1433,2024-09-17,1374,Raqueta,Deportes,8,413.4,3307.2,Cusco
1434,2025-01-10,7370,Chompa,Ropa,5,508.7,2543.5,Cusco
1435,2024-11-03,3371,Chompa,Ropa,1,471.15,471.15,Cusco
1436,2024-09-13,2531,Pesas,Deportes,3,73.1,219.3,Cusco
1437,2025-04-08,3552,Balón,Deportes,6,810.77,4864.62,Lima
1438,2024-05-27,6185,Mesa,Hogar,5,553.36,2766.8,Chiclayo
1439,2025-04-18,1170,Chompa,Ropa,2,275.52,551.04,Chiclayo
1440,2025-03-23,5729,Monitor,Electrónica,5,872.28,4361.4,Cusco
1441,2025-04-12,5062,Balón,Deportes,4,80.11,320.44,Trujillo
1442,2025-03-03,4432,Bicicleta,Deportes,4,722.36,2889.44,Arequipa
1443,2025-04-16,5006,Tablet,Electrónica,1,461.04,461.04,Cusco
1444,2024-07-09,9772,Lego,Juguetes,5,650.71,3253.55,Arequipa
1445,2024-04-21,5093,Monitor,Electrónica,3,418.76,1256.28,Lima
1446,2025-01-28,9063,Tablet,Electrónica,3,985.33,2955.99,Trujillo
1447,2025-03-25,5221,Raqueta,Deportes,4,403.04,1612.16,Cusco
1448,2024-05-30,2886,Rodilleras,Deportes,4,556.65,2226.6,Arequipa
1449,2024-07-23,4575,Auriculares,Electrónica,5,771.48,3857.4,Piura
1450,2024-08-07,2622,Refrigeradora,Hogar,5,105.34,526.7,Chiclayo
1451,2025-02-22,2823,Refrigeradora,Hogar,1,61.13,61.13,Lima
1452,2024-11-28,8229,Peluche,Juguetes,3,936.01,2808.03,Chiclayo
1453,2025-01-02,8642,Mesa,Hogar,3,520.39,1561.17,Piura
1454,2024-06-16,3241,Smartphone,Electrónica,8,365.63,2925.04,Chiclayo
1455,2024-10-18,4960,Polo,Ropa,4,806.73,3226.92,Lima
1456,2024-06-20,5175,Auriculares,Electrónica,6,844.94,5069.64,Cusco
1457,2025-03-18,5711,Auriculares,Electrónica,3,819.27,2457.81,Chiclayo
1458,2025-04-21,9588,Chompa,Ropa,6,93.32,559.92,Arequipa
1459,2025-02-01,9960,Peluche,Juguetes,1,481.07,481.07,Piura
1460,2025-02-22,7712,Rodilleras,Deportes,6,455.25,2731.5,Lima
1461,2024-11-23,2894,Pesas,Deportes,5,310.76,1553.8,Arequipa
1462,2024-10-23,9015,Auriculares,Electrónica,4,693.16,2772.64,Lima
1463,2025-03-18,3653,Auto a control,Juguetes,3,457.09,1371.27,Lima
1464,2024-09-29,4974,Balón,Deportes,1,575.92,575.92,Arequipa
1465,2024-06-17,2721,Monitor,Electrónica,4,768.01,3072.04,Cusco
1466,2025-02-16,6905,Monitor,Electrónica,6,403.11,2418.66,Piura
1467,2024-07-04,5558,Bicicleta,Deportes,3,399.68,1199.04,Piura
1468,2024-08-29,8334,Zapatillas,Ropa,3,550.33,1650.99,Piura
1469,2024-10-07,5258,Auto a control,Juguetes,5,310.73,1553.65,Chiclayo
1470,2025-01-13,5942,Chompa,Ropa,2,919.94,1839.88,Lima
1471,2024-10-09,2914,Casaca,Ropa,3,941.64,2824.92,Lima
1472,2024-09-14,9620,Raqueta,Deportes,3,996.88,2990.64,Piura
1473,2024-10-15,1702,Lego,Juguetes,6,323.99,1943.94,Trujillo
1474,2025-02-27,3196,Refrigeradora,Hogar,3,948.21,2844.63,Piura
1475,2024-11-18,6123,Cocina,Hogar,1,249.5,249.5,Trujillo
1476,2024-12-14,1635,Ventilador,Hogar,5,763.98,3819.9,Trujillo
1477,2024-07-08,6914,Jeans,Ropa,6,758.24,4549.44,Lima
1478,2025-01-30,8905,Silla,Hogar,7,489.85,3428.95,Lima
1479,2025-01-07,5673,Bicicleta,Deportes,6,264.46,1586.76,Trujillo
1480,2025-02-23,5553,Rompecabezas,Juguetes,7,277.63,1943.41,Arequipa
1481,2025-01-22,6373,Rodilleras,Deportes,3,129.3,387.9,Piura
1482,2024-12-24,1654,Chompa,Ropa,1,389.74,389.74,Cusco
1483,2024-10-30,2087,Monitor,Electrónica,2,194.66,389.32,Cusco
1484,2024-05-03,7591,Monitor,Electrónica,6,749.18,4495.08,Piura
1485,2025-01-29,5516,Auriculares,Electrónica,6,643.36,3860.16,Cusco
1486,2024-10-17,5053,Raqueta,Deportes,1,664.35,664.35,Chiclayo
1487,2024-08-21,9686,Polo,Ropa,6,129.85,779.1,Arequipa
1488,2024-07-12,8372,Rompecabezas,Juguetes,7,451.35,3159.45,Chiclayo
1489,2025-03-25,9613,Laptop,Electrónica,2,468.68,937.36,Chiclayo
1490,2024-11-16,9071,Mesa,Hogar,3,695.8,2087.4,Cusco
1491,2024-06-03,2600,Rodilleras,Deportes,8,159.66,1277.28,Chiclayo
1492,2024-10-07,9250,Rompecabezas,Juguetes,6,985.93,5915.58,Piura
1493,2025-02-09,3132,Mesa,Hogar,2,752.44,1504.88,Cusco
1494,2025-02-12,7803,Auto a control,Juguetes,1,872.11,872.11,Trujillo
1495,2024-08-24,8323,Ventilador,Hogar,3,530.18,1590.54,Arequipa
1496,2025-02-21,7909,Jeans,Ropa,3,450.27,1350.81,Arequipa
1497,2024-09-22,3128,Chompa,Ropa,3,916.22,2748.66,Arequipa
1498,2024-09-05,3204,Raqueta,Deportes,1,800.67,800.67,Chiclayo
1499,2024-07-01,2945,Auriculares,Electrónica,3,85.57,256.71,Piura
1500,2024-07-31,6096,Laptop,Electrónica,5,343.89,1719.45,Piura
